ticker,exchange,security_type,status,ten_doanh_nghiep,loai_hinh,icb_l4,ten_icb_l4,icb_l3
ASIAGF,HOSE,etf,listed,,,,,
E1SSHN30,HNX,etf,listed,,,,,
E1VFVN30,HOSE,etf,listed,Quỹ ETF DCVFMVN30,QU,8985,Quỹ đầu tư,8980
FUCTVGF1,HOSE,etf,listed,,,,,
FUCTVGF2,HOSE,etf,listed,,,,,
FUCVREIT,HOSE,etf,listed,Quỹ Đầu tư Bất động sản Techcom Việt Nam,QU,8985,Quỹ đầu tư,8980
FUEABVND,HOSE,etf,listed,Quỹ ETF ABFVN DIAMOND,QU,8985,Quỹ đầu tư,8980
FUEBFVND,HOSE,etf,listed,Quỹ ETF BVFVN DIAMOND,QU,8985,Quỹ đầu tư,8980
FUEDCMID,HOSE,etf,listed,Quỹ ETF DCVFMVNMIDCAP,QU,8985,Quỹ đầu tư,8980
FUEFCV50,HOSE,etf,listed,Quỹ ETF FPT CAPITAL VNX50,QU,8985,Quỹ đầu tư,8980
FUEIP100,HOSE,etf,listed,Quỹ ETF IPA PARTNER VN100,QU,8985,Quỹ đầu tư,8980
FUEKIV30,HOSE,etf,listed,Quỹ ETF KIM GROWTH VN30,QU,8985,Quỹ đầu tư,8980
FUEKIVFS,HOSE,etf,listed,Quỹ ETF KIM GROWTH VNFINSELECT,QU,8985,Quỹ đầu tư,8980
FUEMAV30,HOSE,etf,listed,Quỹ ETF MAFM VN30,QU,8985,Quỹ đầu tư,8980
FUEMAVND,HOSE,etf,listed,Quỹ ETF MAFM VNDIAMOND,QU,8985,Quỹ đầu tư,8980
FUEMITEC,HOSE,etf,listed,Quỹ ETF VINACAPITAL VNMITECH,QU,8985,Quỹ đầu tư,8980
FUEPHVNS,HOSE,etf,listed,Quỹ ETF PHFM VNSHINE,QU,8985,Quỹ đầu tư,8980
FUESSV30,HOSE,etf,listed,Quỹ ETF SSIAM VN30,QU,8985,Quỹ đầu tư,8980
FUESSV50,HOSE,etf,listed,Quỹ ETF SSIAM VNX50,QU,8985,Quỹ đầu tư,8980
FUESSVFL,HOSE,etf,listed,Quỹ ETF SSIAM VNFIN LEAD,QU,8985,Quỹ đầu tư,8980
FUETCC50,HOSE,etf,listed,Quỹ ETF TECHCOM CAPITAL VNX50,QU,8985,Quỹ đầu tư,8980
FUETPVND,HOSE,etf,listed,Quỹ ETF VFCVN DIAMOND,QU,8985,Quỹ đầu tư,8980
FUEVCDIV,HOSE,etf,listed,,,,,
FUEVFVND,HOSE,etf,listed,Quỹ ETF DCVFMVN DIAMOND,QU,8985,Quỹ đầu tư,8980
FUEVN100,HOSE,etf,listed,Quỹ ETF VINACAPITAL VN100,QU,8985,Quỹ đầu tư,8980
FUEVN50G,HOSE,etf,listed,Quỹ ETF VinaCapital VN50 Growth,QU,8985,Quỹ đầu tư,8980
MAFPF1,HOSE,etf,listed,,,,,
PRUBF1,HOSE,etf,listed,,,,,
VFMVF1,HOSE,etf,listed,,,,,
VFMVF4,HOSE,etf,listed,,,,,
VFMVFA,HOSE,etf,listed,,,,,
FUCTVGF4,HOSE,fund_cert,delisted,Quỹ Đầu tư Tăng trưởng Thiên Việt 4,QU,8985,Quỹ đầu tư,8980
FUCTVGF5,HOSE,fund_cert,delisted,Quỹ Đầu tư Tăng trưởng Thiên Việt 5,QU,8985,Quỹ đầu tư,8980
FUEKIVND,HOSE,fund_cert,delisted,Quỹ ETF KIM GROWTH VN DIAMOND,QU,8985,Quỹ đầu tư,8980
HNX30,HNX,index,listed,,,,,
HNXFIN,HNX,index,listed,,,,,
HNXINDEX,HNX,index,listed,,,,,
HNXMAN,HNX,index,listed,,,,,
HNXMSCAP,HNX,index,listed,,,,,
UPINDEX,UPCOM,index,listed,,,,,
VN100,HOSE,index,listed,,,,,
VN30,HOSE,index,listed,,,,,
VNALL,HOSE,index,listed,,,,,
VNDIAMOND,HOSE,index,listed,,,,,
VNFINLEAD,HOSE,index,listed,,,,,
VNFINSELECT,HOSE,index,listed,,,,,
VNINDEX,HOSE,index,listed,,,,,
VNMID,HOSE,index,listed,,,,,
VNSI,HOSE,index,listed,,,,,
VNSML,HOSE,index,listed,,,,,
VNX50,HOSE,index,listed,,,,,
VNXALL,HOSE,index,listed,,,,,
EGL,UPCOM,stock,delisted,Công ty Cổ phần Môi Trường Đô Thị Gia Lâm,CT,2799,Chất thải & Môi trường,2790
A32,UPCOM,stock,listed,Công ty Cổ phần 32,CT,3765,Giầy dép,3760
AAA,HOSE,stock,listed,Công ty Cổ phần Nhựa An Phát Xanh,CT,1353,"Nhựa, cao su & sợi",1350
AAH,UPCOM,stock,listed,Công ty Cổ phần Hợp Nhất,CT,1771,Khai thác Than,1770
AAM,HOSE,stock,listed,Công ty Cổ Phần Thủy Sản MeKong,CT,3573,Nuôi trồng nông & hải sản,3570
AAN,HOSE,stock,listed,Công ty Cổ phần Lương thực A An,CT,3573,Nuôi trồng nông & hải sản,3570
AAS,UPCOM,stock,listed,Công ty Cổ phần Chứng khoán SmartInvest,CK,8777,Môi giới chứng khoán,8770
AAT,HOSE,stock,listed,Công ty Cổ phần Tập đoàn Tiên Sơn Thanh Hóa,CT,3763,Hàng May mặc,3760
AAV,UPCOM,stock,listed,Công ty Cổ phần AAV Group,CT,8633,Bất động sản,8630
ABA,UPCOM,stock,listed,,,,,
ABB,UPCOM,stock,listed,Ngân hàng Thương mại Cổ phần An Bình,NH,8355,Ngân hàng,8350
ABC,UPCOM,stock,listed,Công ty Cổ phần Truyền thông VMG,CT,6575,Viễn thông di động,6570
ABI,UPCOM,stock,listed,Công ty Cổ phần Bảo hiểm Ngân hàng Nông Nghiệp,BH,8536,Bảo hiểm phi nhân thọ,8530
ABR,HOSE,stock,listed,Công ty Cổ phần Đầu tư Nhãn Hiệu Việt,CT,2791,Tư vấn & Hỗ trợ KD,2790
ABS,HOSE,stock,listed,Công ty Cổ phần Dịch vụ Nông nghiệp Bình Thuận,CT,1357,"Sản phẩm hóa dầu, Nông dược & Hóa chất khác",1350
ABT,HOSE,stock,listed,Công ty Cổ phần Xuất nhập khẩu Thủy sản Bến Tre,CT,3573,Nuôi trồng nông & hải sản,3570
ABW,UPCOM,stock,listed,Công ty Cổ phần Chứng khoán An Bình,CK,8777,Môi giới chứng khoán,8770
AC4,UPCOM,stock,listed,,,,,
ACB,HOSE,stock,listed,Ngân hàng Thương mại Cổ phần Á Châu,NH,8355,Ngân hàng,8350
ACC,HOSE,stock,listed,Công ty Cổ phần Đầu tư và Xây dựng Bình Dương ACC,CT,2353,Vật liệu xây dựng & Nội thất,2350
ACE,UPCOM,stock,listed,Công ty Cổ phần Bê tông ly tâm An Giang,CT,2353,Vật liệu xây dựng & Nội thất,2350
ACG,HOSE,stock,listed,Công ty Cổ phần Gỗ An Cường,CT,1733,Lâm sản và Chế biến gỗ,1730
ACL,HOSE,stock,listed,Công ty Cổ phần Xuất nhập khẩu Thủy sản Cửu Long An Giang,CT,3573,Nuôi trồng nông & hải sản,3570
ACM,UPCOM,stock,listed,Công ty Cổ phần Tập đoàn Khoáng sản Á Cường,CT,1775,Khai khoáng,1770
ACS,UPCOM,stock,listed,Công ty Cổ phần Xây lắp Thương mại 2,CT,2357,Xây dựng,2350
ACV,UPCOM,stock,listed,Tổng Công ty Cảng Hàng không Việt Nam - CTCP,CT,2777,"Kho bãi, hậu cần và bảo dưỡng",2770
ADC,HNX,stock,listed,Công ty Cổ phần Mĩ thuật và Truyền thông,CT,5557,"Sách, ấn bản & sản phẩm văn hóa",5550
ADG,HOSE,stock,listed,Công ty Cổ phần Clever Group,CT,5555,Dịch vụ truyền thông,5550
ADP,HOSE,stock,listed,Công ty Cổ phần Sơn Á Đông,CT,2353,Vật liệu xây dựng & Nội thất,2350
ADS,HOSE,stock,listed,Công ty Cổ phần DAMSAN,CT,3763,Hàng May mặc,3760
AFC,UPCOM,stock,listed,,,,,
AFX,HOSE,stock,listed,Công ty Cổ phần Xuất Nhập khẩu Nông sản Thực phẩm An Giang,CT,5337,Phân phối thực phẩm,5330
AG1,UPCOM,stock,listed,Công ty Cổ phần 28.1,CT,3763,Hàng May mặc,3760
AGE,UPCOM,stock,listed,,,,,
AGF,UPCOM,stock,listed,Công ty Cổ phần Xuất nhập khẩu Thủy sản An Giang,CT,3573,Nuôi trồng nông & hải sản,3570
AGG,HOSE,stock,listed,Công ty Cổ phần Đầu tư và Phát triển Bất động sản An Gia,CT,8633,Bất động sản,8630
AGM,UPCOM,stock,listed,Công ty Cổ phần Xuất nhập khẩu An Giang,CT,3577,Thực phẩm,3570
AGP,UPCOM,stock,listed,Công ty Cổ phần Dược phẩm AGIMEXPHARM,CT,4577,Dược phẩm,4570
AGR,HOSE,stock,listed,Công ty Cổ phần Chứng khoán AGRIBANK,CK,8777,Môi giới chứng khoán,8770
AGX,UPCOM,stock,listed,Công ty Cổ phần Thực phẩm Nông sản Xuất khẩu Sài Gòn,CT,5337,Phân phối thực phẩm,5330
AIC,UPCOM,stock,listed,Công ty Cổ phần Tập đoàn Bảo hiểm DBV,BH,8536,Bảo hiểm phi nhân thọ,8530
AIG,UPCOM,stock,listed,Công ty Cổ phần Nguyên liệu Á Châu AIG,CT,3577,Thực phẩm,3570
ALC,UPCOM,stock,listed,Công ty Cổ phần Âu Lạc,CT,2773,Vận tải Thủy,2770
ALT,HNX,stock,listed,Công ty Cổ phần Văn hóa Tân Bình,CT,5557,"Sách, ấn bản & sản phẩm văn hóa",5550
ALV,UPCOM,stock,listed,Công ty Cổ phần Tập đoàn MCST,CT,2357,Xây dựng,2350
AMC,HNX,stock,listed,Công ty Cổ phần Khoáng sản Á Châu,CT,1775,Khai khoáng,1770
AMD,UPCOM,stock,listed,,,,,
AME,HNX,stock,listed,Công ty cổ phần Alphanam E&C,CT,2737,Thiết bị điện,2730
AMP,UPCOM,stock,listed,Công ty Cổ phần Armephaco,CT,4577,Dược phẩm,4570
AMS,UPCOM,stock,listed,Công ty Cổ phần Cơ khí Xây dựng AMECC,CT,2797,Nhà cung cấp thiết bị,2790
AMV,HNX,stock,listed,Công ty Cổ phần Sản xuất Kinh doanh Dược và Trang thiết bị Y tế Việt Mỹ,CT,4535,Thiết bị y tế,4530
ANI,UPCOM,stock,listed,Công ty Cổ phần ANI,CT,7535,Sản xuất & Phân phối Điện,7530
ANT,HOSE,stock,listed,Công ty Cổ phần Rau quả Thực phẩm An Giang,CT,3577,Thực phẩm,3570
ANV,HOSE,stock,listed,Công ty Cổ phần Nam Việt,CT,3573,Nuôi trồng nông & hải sản,3570
APC,UPCOM,stock,listed,Công ty Cổ phần Chiếu xạ An Phú,CT,4573,Công nghệ sinh học,4570
APF,UPCOM,stock,listed,Công ty Cổ phần Nông sản Thực phẩm Quảng Ngãi,CT,3577,Thực phẩm,3570
APG,HOSE,stock,listed,Công ty Cổ phần Chứng khoán APG,CK,8777,Môi giới chứng khoán,8770
APH,HOSE,stock,listed,Công ty Cổ phần Tập đoàn An Phát Holdings,CT,2723,Containers & Đóng gói,2720
API,HNX,stock,listed,Công ty Cổ phần Đầu tư Châu Á - Thái Bình Dương,CT,8633,Bất động sản,8630
APL,UPCOM,stock,listed,Công ty Cổ phần Cơ khí và Thiết bị áp lực - VVMI,CT,2757,Máy công nghiệp,2750
APP,UPCOM,stock,listed,Công ty Cổ phần Phát triển Phụ gia và Sản phẩm dầu mỏ,CT,1357,"Sản phẩm hóa dầu, Nông dược & Hóa chất khác",1350
APS,HNX,stock,listed,Công ty Cổ phần Chứng khoán Châu Á - Thái Bình Dương,CK,8777,Môi giới chứng khoán,8770
APT,UPCOM,stock,listed,Công ty Cổ phần Kinh doanh thủy hải sản Sài Gòn,CT,3573,Nuôi trồng nông & hải sản,3570
AQN,UPCOM,stock,listed,,,,,
ARM,HNX,stock,listed,Công ty Cổ phần Xuất nhập khẩu Hàng không,CT,2797,Nhà cung cấp thiết bị,2790
ART,UPCOM,stock,listed,Công ty Cổ phần Chứng khoán ARTEX,CK,8777,Môi giới chứng khoán,8770
ASA,UPCOM,stock,listed,,,,,
ASD,UPCOM,stock,listed,,,,,
ASG,HOSE,stock,listed,Công ty Cổ phần Tập đoàn ASG,CT,2777,"Kho bãi, hậu cần và bảo dưỡng",2770
ASM,HOSE,stock,listed,Công ty Cổ phần Tập đoàn Sao Mai,CT,3573,Nuôi trồng nông & hải sản,3570
ASP,HOSE,stock,listed,Công ty Cổ phần Tập đoàn Dầu khí An Pha,CT,7573,Phân phối xăng dầu & khí đốt,7570
AST,HOSE,stock,listed,Công ty Cổ phần Dịch vụ Hàng không Taseco,CT,5379,Phân phối hàng chuyên dụng,5370
ATA,UPCOM,stock,listed,Công ty Cổ phần NTACO,CT,3573,Nuôi trồng nông & hải sản,3570
ATB,UPCOM,stock,listed,,,,,
ATD,UPCOM,stock,listed,,,,,
ATG,UPCOM,stock,listed,Công ty Cổ phần ATG Planet,CT,1775,Khai khoáng,1770
ATS,HNX,stock,listed,Công ty Cổ phần Tập đoàn Đầu tư ATS,CT,5757,Nhà hàng và quán bar,5750
AUM,UPCOM,stock,listed,,,,,
AVC,UPCOM,stock,listed,Công ty Cổ phần Thủy điện A Vương,CT,7535,Sản xuất & Phân phối Điện,7530
AVF,UPCOM,stock,listed,,,,,
AVG,UPCOM,stock,listed,Công ty Cổ phần Phân Bón Quốc Tế Âu Việt,CT,1357,"Sản phẩm hóa dầu, Nông dược & Hóa chất khác",1350
B82,UPCOM,stock,listed,,,,,
BAB,HNX,stock,listed,Ngân hàng Thương mại Cổ phần Bắc Á,NH,8355,Ngân hàng,8350
BAF,HOSE,stock,listed,Công ty Cổ phần Nông nghiệp BAF Việt Nam,CT,3573,Nuôi trồng nông & hải sản,3570
BAL,UPCOM,stock,listed,Công ty Cổ phần Bao bì Bia - Rượu - Nước giải khát,CT,2723,Containers & Đóng gói,2720
BAM,UPCOM,stock,listed,,,,,
BAX,HNX,stock,listed,Công ty Cổ phần Thống Nhất,CT,2357,Xây dựng,2350
BBC,HOSE,stock,listed,,,,,
BBH,UPCOM,stock,listed,Công ty Cổ phần Bao bì Hoàng Thạch,CT,2723,Containers & Đóng gói,2720
BBM,UPCOM,stock,listed,Công ty Cổ phần Bia Hà Nội - Nam Định,CT,3533,Sản xuất bia,3530
BBS,HNX,stock,listed,Công ty Cổ phần VICEM Bao bì Bút Sơn,CT,2723,Containers & Đóng gói,2720
BBT,UPCOM,stock,listed,Công ty Cổ phần Bông Bạch Tuyết,CT,3767,Hàng cá nhân,3760
BCA,UPCOM,stock,listed,Công ty cổ phần B.C.H,CT,1757,Thép và sản phẩm thép,1750
BCB,UPCOM,stock,listed,Công ty Cổ phần 397,CT,1771,Khai thác Than,1770
BCC,HNX,stock,listed,Công ty Cổ phần Xi măng Bỉm Sơn,CT,2353,Vật liệu xây dựng & Nội thất,2350
BCE,HOSE,stock,listed,Công ty Cổ phần Xây dựng và Giao thông Bình Dương,CT,2357,Xây dựng,2350
BCF,HNX,stock,listed,Công ty Cổ phần Thực phẩm Bích Chi,CT,3577,Thực phẩm,3570
BCG,UPCOM,stock,listed,,,,,
BCH,HNX,stock,listed,,,,,
BCI,HOSE,stock,listed,,,,,
BCM,HOSE,stock,listed,Tập đoàn Đầu tư và Phát triển Công nghiệp Becamex - CTCP,CT,8633,Bất động sản,8630
BCO,UPCOM,stock,listed,,,,,
BCP,UPCOM,stock,listed,Công ty Cổ phần Dược Enlie,CT,4577,Dược phẩm,4570
BCR,UPCOM,stock,listed,,,,,
BCV,UPCOM,stock,listed,Công ty Cổ phần Du lịch và Thương mại Bằng Giang - Vimico,CT,5753,Khách sạn,5750
BDB,HNX,stock,listed,,,,,
BDC,UPCOM,stock,listed,,,,,
BDF,UPCOM,stock,listed,,,,,
BDG,UPCOM,stock,listed,Công ty Cổ phần May mặc Bình Dương,CT,3763,Hàng May mặc,3760
BDP,UPCOM,stock,listed,,,,,
BDT,UPCOM,stock,listed,Công ty Cổ phần Xây lắp và Vật liệu xây dựng Đồng Tháp,CT,2353,Vật liệu xây dựng & Nội thất,2350
BDW,UPCOM,stock,listed,Công ty Cổ phần Cấp thoát nước Bình Định,CT,7577,Nước,7570
BED,HNX,stock,listed,Công ty Cổ phần Sách và Thiết bị trường học Đà Nẵng,CT,5557,"Sách, ấn bản & sản phẩm văn hóa",5550
BEL,UPCOM,stock,listed,Công ty Cổ phần Điện tử Biên Hòa,CT,3743,Điện tử tiêu dùng,3740
BFC,HOSE,stock,listed,Công ty Cổ phần Phân bón Bình Điền,CT,1357,"Sản phẩm hóa dầu, Nông dược & Hóa chất khác",1350
BGE,UPCOM,stock,listed,Công ty Cổ phần BCG Energy,CT,7535,Sản xuất & Phân phối Điện,7530
BGM,UPCOM,stock,listed,,,,,
BGT,UPCOM,stock,listed,,,,,
BGW,UPCOM,stock,listed,Công ty Cổ phần Nước sạch Bắc Giang,CT,7577,Nước,7570
BHA,UPCOM,stock,listed,Công ty Cổ phần Thủy điện Bắc Hà,CT,7535,Sản xuất & Phân phối Điện,7530
BHC,UPCOM,stock,listed,Công ty Cổ phần Bê tông Biên Hòa,CT,2353,Vật liệu xây dựng & Nội thất,2350
BHG,UPCOM,stock,listed,Công ty Cổ phần Chè Biển Hồ,CT,3537,Đồ uống & giải khát,3530
BHH,UPCOM,stock,listed,Công ty Cổ Phần Bia Hà Nội - Hưng Yên 89,CT,3533,Sản xuất bia,3530
BHI,UPCOM,stock,listed,Tổng Công ty Cổ phần Bảo hiểm Sài Gòn - Hà Nội,BH,8536,Bảo hiểm phi nhân thọ,8530
BHK,UPCOM,stock,listed,Công ty Cổ phần Bia Hà Nội - Kim Bài,CT,3533,Sản xuất bia,3530
BHN,HOSE,stock,listed,Tổng Công ty Cổ phần Bia - Rượu - Nước giải khát Hà Nội,CT,3533,Sản xuất bia,3530
BHP,UPCOM,stock,listed,Công ty Cổ phần Bia Hà Nội - Hải Phòng,CT,3533,Sản xuất bia,3530
BHS,HOSE,stock,listed,,,,,
BHT,UPCOM,stock,listed,,,,,
BHV,UPCOM,stock,listed,,,,,
BIC,HOSE,stock,listed,Tổng Công ty Cổ phần Bảo hiểm Ngân hàng Đầu tư và Phát triển Việt Nam,BH,8536,Bảo hiểm phi nhân thọ,8530
BID,HOSE,stock,listed,Ngân hàng Thương mại Cổ phần Đầu tư và Phát triển Việt Nam,NH,8355,Ngân hàng,8350
BIG,UPCOM,stock,listed,Công ty Cổ phần Tập đoàn Đầu tư BIG,CT,3573,Nuôi trồng nông & hải sản,3570
BII,UPCOM,stock,listed,,,,,
BIO,UPCOM,stock,listed,Công ty Cổ phần Vắc xin và Sinh phẩm Nha Trang,CT,4577,Dược phẩm,4570
BKC,HNX,stock,listed,Công ty Cổ phần Khoáng sản Bắc Kạn,CT,1775,Khai khoáng,1770
BKG,HOSE,stock,listed,Công ty Cổ phần Đầu tư BKG Việt Nam,CT,3726,Thiết bị gia dụng,3720
BKH,UPCOM,stock,listed,,,,,
BLF,UPCOM,stock,listed,Công ty Cổ phần Thủy sản Bạc Liêu,CT,3573,Nuôi trồng nông & hải sản,3570
BLI,UPCOM,stock,listed,Tổng Công ty Cổ phần Bảo hiểm Bảo Long,BH,8536,Bảo hiểm phi nhân thọ,8530
BLN,UPCOM,stock,listed,Công ty Cổ phần Vận tải và Dịch vụ Liên Ninh,CT,5759,Vận tải hành khách & Du lịch,5750
BLT,UPCOM,stock,listed,Công ty Cổ phần Lương thực Bình Định,CT,3577,Thực phẩm,3570
BLU,UPCOM,stock,listed,,,,,
BLW,UPCOM,stock,listed,,,,,
BMC,HOSE,stock,listed,Công ty Cổ phần Khoáng sản Bình Định,CT,1775,Khai khoáng,1770
BMD,UPCOM,stock,listed,Công ty Cổ phần Môi trường và Dịch vụ Đô thị Bình Thuận,CT,2799,Chất thải & Môi trường,2790
BMF,UPCOM,stock,listed,Công ty Cổ phần Vật liệu Xây dựng và Chất đốt Đồng Nai,CT,7573,Phân phối xăng dầu & khí đốt,7570
BMG,UPCOM,stock,listed,Công ty Cổ phần May Bình Minh,CT,3763,Hàng May mặc,3760
BMI,HOSE,stock,listed,Tổng Công ty Cổ phần Bảo Minh,BH,8536,Bảo hiểm phi nhân thọ,8530
BMJ,UPCOM,stock,listed,Công ty Cổ phần Khoáng sản Miền Đông AHP,CT,1775,Khai khoáng,1770
BMK,UPCOM,stock,listed,Công ty Cổ Phần Kỹ thuật Nhiệt Mèo Đen,CT,2353,Vật liệu xây dựng & Nội thất,2350
BMN,UPCOM,stock,listed,,,,,
BMP,HOSE,stock,listed,Công ty Cổ phần Nhựa Bình Minh,CT,2353,Vật liệu xây dựng & Nội thất,2350
BMS,UPCOM,stock,listed,Công ty Cổ phần Chứng khoán Bảo Minh,CK,8777,Môi giới chứng khoán,8770
BMV,UPCOM,stock,listed,Công ty Cổ phần Bột mỳ Vinafood 1,CT,3577,Thực phẩm,3570
BNA,HNX,stock,listed,Công ty Cổ phần Tập đoàn Đầu tư Bảo Ngọc,CT,3577,Thực phẩm,3570
BNW,UPCOM,stock,listed,Công ty Cổ phần Nước sạch Bắc Ninh,CT,7577,Nước,7570
BOT,UPCOM,stock,listed,Công ty Cổ phần BOT Cầu Thái Hà,CT,2357,Xây dựng,2350
BPC,HNX,stock,listed,Công ty Cổ phần Vicem Bao bì Bỉm Sơn,CT,2723,Containers & Đóng gói,2720
BPT,UPCOM,stock,listed,,,,,
BPW,UPCOM,stock,listed,,,,,
BQB,UPCOM,stock,listed,Công ty Cổ phần Bia Hà Nội - Quảng Bình,CT,3533,Sản xuất bia,3530
BQP,UPCOM,stock,listed,Công ty Cổ phần Nhựa chất lượng cao Bình Thuận,CT,1353,"Nhựa, cao su & sợi",1350
BRC,HOSE,stock,listed,Công ty Cổ phần Cao su Bến Thành,CT,1353,"Nhựa, cao su & sợi",1350
BRR,UPCOM,stock,listed,Công ty Cổ phần Cao su Bà Rịa,CT,1353,"Nhựa, cao su & sợi",1350
BRS,UPCOM,stock,listed,Công ty Cổ phần Dịch vụ Đô thị Bà Rịa,CT,2799,Chất thải & Môi trường,2790
BSA,UPCOM,stock,listed,Công ty Cổ phần Thủy điện Buôn Đôn,CT,7535,Sản xuất & Phân phối Điện,7530
BSC,HNX,stock,listed,,,,,
BSD,UPCOM,stock,listed,"Công ty Cổ phần Bia, Rượu Sài Gòn - Đồng Xuân",CT,3533,Sản xuất bia,3530
BSG,UPCOM,stock,listed,Công ty Cổ phần Xe khách Sài Gòn,CT,5759,Vận tải hành khách & Du lịch,5750
BSH,UPCOM,stock,listed,Công ty Cổ phần Bia Sài Gòn - Hà Nội,CT,3533,Sản xuất bia,3530
BSI,HOSE,stock,listed,Công ty Cổ phần Chứng khoán BIDV,CK,8777,Môi giới chứng khoán,8770
BSL,UPCOM,stock,listed,Công ty Cổ phần Bia Sài Gòn - Sông Lam,CT,3533,Sản xuất bia,3530
BSP,UPCOM,stock,listed,Công ty Cổ phần Bia Sài Gòn - Phú Thọ,CT,3533,Sản xuất bia,3530
BSQ,UPCOM,stock,listed,Công ty Cổ phần Bia Sài Gòn - Quảng Ngãi,CT,3533,Sản xuất bia,3530
BSR,HOSE,stock,listed,Công ty Cổ phần - Tổng Công ty Lọc Hoá dầu Việt Nam,CT,0533,Sản xuất và Khai thác dầu khí,0530
BST,HNX,stock,listed,,,,,
BT1,UPCOM,stock,listed,Công ty Cổ phần Bảo vệ thực vật 1 Trung ương,CT,1357,"Sản phẩm hóa dầu, Nông dược & Hóa chất khác",1350
BT6,UPCOM,stock,listed,Công ty Cổ phần BETON 6,CT,2353,Vật liệu xây dựng & Nội thất,2350
BTB,UPCOM,stock,listed,Công ty Cổ phần Bia Hà Nội - Thái Bình,CT,3533,Sản xuất bia,3530
BTC,UPCOM,stock,listed,,,,,
BTD,UPCOM,stock,listed,Công ty Cổ phần Bê tông ly tâm Thủ Đức,CT,2353,Vật liệu xây dựng & Nội thất,2350
BTG,UPCOM,stock,listed,Công ty Cổ phần Bao bì Tiền Giang,CT,2723,Containers & Đóng gói,2720
BTH,UPCOM,stock,listed,Công ty Cổ phần Chế tạo Biến thế và Vật liệu Điện Hà Nội,CT,2737,Thiết bị điện,2730
BTN,UPCOM,stock,listed,Công ty Cổ phần Đầu tư Bitco Bình Định,CT,2353,Vật liệu xây dựng & Nội thất,2350
BTP,HOSE,stock,listed,Công ty Cổ phần Nhiệt điện Bà Rịa,CT,7535,Sản xuất & Phân phối Điện,7530
BTR,UPCOM,stock,listed,,,,,
BTS,HNX,stock,listed,Công ty Cổ phần Xi măng VICEM Bút Sơn,CT,2353,Vật liệu xây dựng & Nội thất,2350
BTT,HOSE,stock,listed,Công ty Cổ phần Thương mại - Dịch vụ Bến Thành,CT,5373,Bán lẻ phức hợp,5370
BTU,UPCOM,stock,listed,Công ty Cổ phần Công trình Đô thị Bến Tre,CT,2799,Chất thải & Môi trường,2790
BTV,UPCOM,stock,listed,Công ty Cổ phần Dịch vụ Du lịch Bến Thành,CT,5759,Vận tải hành khách & Du lịch,5750
BTW,HNX,stock,listed,Công ty Cổ phần Cấp nước Bến Thành,CT,7577,Nước,7570
BUD,UPCOM,stock,listed,,,,,
BVB,HOSE,stock,listed,Ngân hàng Thương mại Cổ phần Bản Việt,NH,8355,Ngân hàng,8350
BVG,UPCOM,stock,listed,Công ty Cổ phần Group Bắc Việt,CT,1757,Thép và sản phẩm thép,1750
BVH,HOSE,stock,listed,Tập đoàn Bảo Việt,BH,8575,Bảo hiểm nhân thọ,8570
BVL,UPCOM,stock,listed,Công ty Cổ phần BV Land,CT,8637,"Tư Vấn, Định giá, Môi giới Bất động sản",8630
BVN,UPCOM,stock,listed,Công ty Cổ phần Bông Việt Nam,CT,3767,Hàng cá nhân,3760
BVS,HNX,stock,listed,Công ty Cổ phần Chứng khoán Bảo Việt,CK,8777,Môi giới chứng khoán,8770
BWA,UPCOM,stock,listed,Công ty Cổ phần Cấp thoát nước và Xây dựng Bảo Lộc,CT,7577,Nước,7570
BWE,HOSE,stock,listed,Công ty Cổ phần - Tổng công ty Nước - Môi trường Bình Dương,CT,7577,Nước,7570
BWS,UPCOM,stock,listed,Công ty Cổ phần Cấp Nước Bà Rịa - Vũng Tàu,CT,7577,Nước,7570
BXH,HNX,stock,listed,Công ty Cổ phần VICEM Bao bì Hải Phòng,CT,2723,Containers & Đóng gói,2720
BXT,UPCOM,stock,listed,,,,,
C12,UPCOM,stock,listed,,,,,
C21,UPCOM,stock,listed,Công ty Cổ phần Thế kỷ 21,CT,8633,Bất động sản,8630
C22,UPCOM,stock,listed,Công ty Cổ phần 22,CT,3577,Thực phẩm,3570
C32,HOSE,stock,listed,Công ty Cổ phần Đầu tư và Xây dựng 3-2,CT,2353,Vật liệu xây dựng & Nội thất,2350
C36,UPCOM,stock,listed,,,,,
C47,HOSE,stock,listed,Công ty Cổ phần Xây dựng 47,CT,2357,Xây dựng,2350
C4G,UPCOM,stock,listed,Công ty Cổ phần Tập Đoàn Cienco4,CT,2357,Xây dựng,2350
C69,HNX,stock,listed,Công ty Cổ phần Xây dựng 1369,CT,2357,Xây dựng,2350
C71,UPCOM,stock,listed,,,,,
C92,UPCOM,stock,listed,Công ty Cổ phần Xây dựng và Đầu tư 492,CT,2357,Xây dựng,2350
CAB,UPCOM,stock,listed,,,,,
CAD,UPCOM,stock,listed,Công ty Cổ phần Chế biến và Xuất khẩu Thủy sản Cadovimex,CT,3573,Nuôi trồng nông & hải sản,3570
CAF,UPCOM,stock,listed,,,,,
CAG,HNX,stock,listed,Công ty Cổ phần Cảng An Giang,CT,2777,"Kho bãi, hậu cần và bảo dưỡng",2770
CAM,UPCOM,stock,listed,,,,,
CAN,HNX,stock,listed,Công ty Cổ phần Đồ hộp Hạ Long,CT,3577,Thực phẩm,3570
CAP,HNX,stock,listed,Công ty Cổ phần Lâm Nông sản Thực phẩm Yên Bái,CT,1737,Sản xuất giấy,1730
CAR,HNX,stock,listed,Công ty cổ phần Tập đoàn Giáo dục Trí Việt,CT,2793,Đào tạo & Việc làm,2790
CAT,UPCOM,stock,listed,Công ty Cổ phần Thủy sản Cà Mau,CT,3573,Nuôi trồng nông & hải sản,3570
CAV,HOSE,stock,listed,,,,,
CBC,UPCOM,stock,listed,,,,,
CBI,UPCOM,stock,listed,Công ty Cổ phần Gang thép Cao Bằng,CT,1757,Thép và sản phẩm thép,1750
CBS,UPCOM,stock,listed,Công ty Cổ phần Mía đường Cao Bằng,CT,3577,Thực phẩm,3570
CC1,UPCOM,stock,listed,Tổng Công ty Xây dựng số 1 - CTCP,CT,2357,Xây dựng,2350
CC4,UPCOM,stock,listed,,,,,
CCA,UPCOM,stock,listed,Công ty Cổ phần Xuất nhập khẩu Thủy sản Cần Thơ,CT,3573,Nuôi trồng nông & hải sản,3570
CCC,HOSE,stock,listed,Công ty Cổ Phần Xây Dựng CDC,CT,2357,Xây dựng,2350
CCH,UPCOM,stock,listed,,,,,
CCI,HOSE,stock,listed,Công ty Cổ phần Đầu tư Phát triển Công nghiệp Thương mại Củ Chi,CT,7573,Phân phối xăng dầu & khí đốt,7570
CCL,HOSE,stock,listed,Công ty Cổ phần Đầu tư và Phát triển Đô thị Dầu khí Cửu Long,CT,8633,Bất động sản,8630
CCM,UPCOM,stock,listed,Công ty Cổ phần Khoáng sản và Xi măng Cần Thơ,CT,2353,Vật liệu xây dựng & Nội thất,2350
CCP,UPCOM,stock,listed,Công ty Cổ phần Cảng Cửa Cấm Hải Phòng,CT,2777,"Kho bãi, hậu cần và bảo dưỡng",2770
CCR,HNX,stock,listed,Công ty Cổ phần Cảng Cam Ranh,CT,2777,"Kho bãi, hậu cần và bảo dưỡng",2770
CCS,UPCOM,stock,listed,Công ty Cổ phần Chíp Sáng,CT,8633,Bất động sản,8630
CCT,UPCOM,stock,listed,Công ty Cổ phần Cảng Cần Thơ,CT,2777,"Kho bãi, hậu cần và bảo dưỡng",2770
CCV,UPCOM,stock,listed,Công ty Cổ phần Tư vấn Xây dựng Công nghiệp và Đô thị Việt Nam,CT,2357,Xây dựng,2350
CDC,HOSE,stock,listed,Công ty Cổ phần Chương Dương,CT,2357,Xây dựng,2350
CDG,UPCOM,stock,listed,Công ty Cổ phần Cầu Đuống,CT,2353,Vật liệu xây dựng & Nội thất,2350
CDH,UPCOM,stock,listed,,,,,
CDN,HNX,stock,listed,Công ty Cổ phần Cảng Đà Nẵng,CT,2777,"Kho bãi, hậu cần và bảo dưỡng",2770
CDO,UPCOM,stock,listed,Công ty Cổ phần Tư vấn Thiết kế và Phát triển Đô thị,CT,2357,Xây dựng,2350
CDP,UPCOM,stock,listed,Công ty Cổ phần Dược phẩm Trung ương Codupha,CT,4577,Dược phẩm,4570
CDR,UPCOM,stock,listed,Công ty Cổ phần Xây dựng Cao su Đồng Nai,CT,2357,Xây dựng,2350
CDV,UPCOM,stock,listed,,,,,
CE1,UPCOM,stock,listed,,,,,
CEC,UPCOM,stock,listed,,,,,
CEE,HOSE,stock,listed,,,,,
CEG,UPCOM,stock,listed,,,,,
CEN,UPCOM,stock,listed,Công ty Cổ phần CENCON Việt Nam,CT,5373,Bán lẻ phức hợp,5370
CEO,HNX,stock,listed,Công ty Cổ phần Tập đoàn C.E.O,CT,8633,Bất động sản,8630
CER,UPCOM,stock,listed,,,,,
CET,HNX,stock,listed,Công ty Cổ phần HTC Holding,CT,3767,Hàng cá nhân,3760
CFC,UPCOM,stock,listed,,,,,
CFM,UPCOM,stock,listed,Công ty Cổ phần CFM Private Equity,CT,2793,Đào tạo & Việc làm,2790
CFV,UPCOM,stock,listed,Công ty Cổ phần Cà phê Thắng Lợi,CT,3537,Đồ uống & giải khát,3530
CGC,UPCOM,stock,listed,,,,,
CGL,UPCOM,stock,listed,,,,,
CGP,UPCOM,stock,listed,,,,,
CGV,UPCOM,stock,listed,Công ty Cổ phần Vinaceglass,CT,2353,Vật liệu xây dựng & Nội thất,2350
CH5,UPCOM,stock,listed,Công ty Cổ phần Xây dựng số 5 Hà Nội,CT,2357,Xây dựng,2350
CHC,UPCOM,stock,listed,Công ty Cổ phần Cẩm Hà,CT,2353,Vật liệu xây dựng & Nội thất,2350
CHP,HOSE,stock,listed,Công ty Cổ phần Thủy điện Miền Trung,CT,7535,Sản xuất & Phân phối Điện,7530
CHS,UPCOM,stock,listed,Công ty Cổ phần Chiếu sáng Công cộng Thành phố Hồ Chí Minh,CT,7575,Tiện ích khác,7570
CI5,UPCOM,stock,listed,Công ty Cổ phần Đầu tư Xây dựng số 5,CT,2357,Xây dựng,2350
CIA,HNX,stock,listed,Công ty Cổ Phần Dịch Vụ Sân Bay Quốc Tế Cam Ranh,CT,2777,"Kho bãi, hậu cần và bảo dưỡng",2770
CID,UPCOM,stock,listed,Công ty Cổ phần Xây dựng và Phát triển Cơ sở Hạ tầng,CT,2357,Xây dựng,2350
CIG,HOSE,stock,listed,Công ty Cổ phần COMA 18,CT,2357,Xây dựng,2350
CII,HOSE,stock,listed,Công ty Cổ phần Đầu tư Hạ tầng Kỹ thuật Thành phố Hồ Chí Minh,CT,2357,Xây dựng,2350
CIP,UPCOM,stock,listed,Công ty Cổ phần Xây lắp và Sản xuất Công nghiệp,CT,2357,Xây dựng,2350
CJC,HNX,stock,listed,Công ty Cổ phần Cơ điện Miền Trung,CT,2737,Thiết bị điện,2730
CK8,UPCOM,stock,listed,Công ty Cổ phần Cơ khí 120,CT,8633,Bất động sản,8630
CKA,UPCOM,stock,listed,Công ty Cổ phần Cơ khí An Giang,CT,2757,Máy công nghiệp,2750
CKD,UPCOM,stock,listed,Công ty Cổ phần Cơ khí Đông Anh Licogi,CT,2757,Máy công nghiệp,2750
CKG,HOSE,stock,listed,Công ty Cổ phần Tập đoàn CIC,CT,8633,Bất động sản,8630
CKH,UPCOM,stock,listed,,,,,
CKV,HNX,stock,listed,Công ty Cổ phần CokyVina,CT,9578,Thiết bị viễn thông,9570
CLC,HOSE,stock,listed,Công ty Cổ phần Cát Lợi,CT,3785,Thuốc lá,3780
CLG,UPCOM,stock,listed,,,,,
CLH,HNX,stock,listed,Công ty Cổ phần Xi măng La Hiên VVMI,CT,2353,Vật liệu xây dựng & Nội thất,2350
CLI,UPCOM,stock,listed,Công ty Cổ phần Tập đoàn CNCTech,CT,1755,Kim Loại màu,1750
CLL,HOSE,stock,listed,Công ty Cổ phần Cảng Cát Lái,CT,2777,"Kho bãi, hậu cần và bảo dưỡng",2770
CLM,HNX,stock,listed,Công ty Cổ phần Xuất nhập khẩu Than - Vinacomin,CT,1771,Khai thác Than,1770
CLW,HOSE,stock,listed,Công ty Cổ phần Cấp nước Chợ Lớn,CT,7577,Nước,7570
CLX,UPCOM,stock,listed,Công ty Cổ phần Xuất nhập khẩu và Đầu tư Chợ Lớn (CHOLIMEX),CT,3577,Thực phẩm,3570
CMC,HNX,stock,listed,Công ty Cổ phần Đầu tư CMC,CT,2757,Máy công nghiệp,2750
CMD,UPCOM,stock,listed,Công ty Cổ phần Vật liệu xây dựng và Trang trí nội thất TP. Hồ Chí Minh,CT,2353,Vật liệu xây dựng & Nội thất,2350
CMF,UPCOM,stock,listed,Công ty Cổ phần Thực phẩm Cholimex,CT,3577,Thực phẩm,3570
CMG,HOSE,stock,listed,Công ty Cổ phần Tập đoàn Công nghệ CMC,CT,9533,Dịch vụ Máy tính,9530
CMI,UPCOM,stock,listed,Công ty Cổ phần CMISTONE Việt Nam,CT,2353,Vật liệu xây dựng & Nội thất,2350
CMK,UPCOM,stock,listed,Công ty Cổ phần Cơ khí Mạo Khê - Vinacomin,CT,2757,Máy công nghiệp,2750
CMM,UPCOM,stock,listed,Công ty Cổ phần Camimex,CT,3577,Thực phẩm,3570
CMN,UPCOM,stock,listed,Công ty Cổ phần Lương thực Thực phẩm Colusa - Miliket,CT,3577,Thực phẩm,3570
CMP,UPCOM,stock,listed,Công ty Cổ phần Cảng Chân Mây,CT,2777,"Kho bãi, hậu cần và bảo dưỡng",2770
CMS,HNX,stock,listed,Công ty Cổ phần Tập đoàn CMH Việt Nam,CT,2357,Xây dựng,2350
CMT,UPCOM,stock,listed,Công ty Cổ phần Công nghệ mạng và Truyền thông,CT,9537,Phần mềm,9530
CMV,HOSE,stock,listed,Công ty Cổ phần Thương nghiệp Cà Mau,CT,5373,Bán lẻ phức hợp,5370
CMW,UPCOM,stock,listed,Công ty Cổ phần Cấp nước Cà Mau,CT,7577,Nước,7570
CMX,HOSE,stock,listed,Công ty Cổ phần CAMIMEX Group,CT,3573,Nuôi trồng nông & hải sản,3570
CNA,UPCOM,stock,listed,Công ty Cổ phần Tổng công ty Chè Nghệ An,CT,3573,Nuôi trồng nông & hải sản,3570
CNC,UPCOM,stock,listed,Công ty Cổ phần Công nghệ cao Traphaco,CT,4577,Dược phẩm,4570
CNG,HOSE,stock,listed,Công ty Cổ phần CNG Việt Nam,CT,7573,Phân phối xăng dầu & khí đốt,7570
CNH,UPCOM,stock,listed,,,,,
CNN,UPCOM,stock,listed,"Công ty Cổ phần Tư vấn Công nghệ, Thiết bị và Kiểm định Xây dựng - CONINCO",CT,2357,Xây dựng,2350
CNT,UPCOM,stock,listed,Công ty Cổ phần Tập đoàn CNT,CT,8633,Bất động sản,8630
CNX,UPCOM,stock,listed,,,,,
COM,HOSE,stock,listed,Công ty Cổ phần Vật tư - Xăng dầu,CT,5379,Phân phối hàng chuyên dụng,5370
CPA,UPCOM,stock,listed,Công ty Cổ phần Cà phê Phước An,CT,3537,Đồ uống & giải khát,3530
CPC,HNX,stock,listed,Công ty Cổ phần Thuốc sát trùng Cần Thơ,CT,1357,"Sản phẩm hóa dầu, Nông dược & Hóa chất khác",1350
CPH,UPCOM,stock,listed,Công ty Cổ phần Phục vụ Mai táng Hải Phòng,CT,5377,Dịch vụ tiêu dùng chuyên ngành,5370
CPI,UPCOM,stock,listed,Công ty Cổ phần Đầu tư Cảng Cái Lân,CT,2777,"Kho bãi, hậu cần và bảo dưỡng",2770
CPW,UPCOM,stock,listed,,,,,
CQN,UPCOM,stock,listed,Công ty Cổ phần Cảng Quảng Ninh,CT,2777,"Kho bãi, hậu cần và bảo dưỡng",2770
CQT,UPCOM,stock,listed,Công ty Cổ phần Xi măng Quán Triều VVMI,CT,2353,Vật liệu xây dựng & Nội thất,2350
CRC,HOSE,stock,listed,Công ty Cổ phần Create Capital Việt Nam,CT,2353,Vật liệu xây dựng & Nội thất,2350
CRE,HOSE,stock,listed,Công ty Cổ phần Bất động sản Thế Kỷ,CT,8633,Bất động sản,8630
CRV,HOSE,stock,listed,Công ty Cổ phần Tập đoàn Bất động sản CRV,CT,8633,Bất động sản,8630
CSC,HNX,stock,listed,Công ty Cổ phần Tập đoàn COTANA,CT,2357,Xây dựng,2350
CSI,UPCOM,stock,listed,Công ty Cổ phần Chứng khoán Kirin,CK,8777,Môi giới chứng khoán,8770
CSM,HOSE,stock,listed,Công ty Cổ phần Công nghiệp Cao su Miền Nam,CT,3357,Lốp xe,3350
CST,HNX,stock,listed,Công ty Cổ phần Than Cao Sơn - TKV,CT,1771,Khai thác Than,1770
CSV,HOSE,stock,listed,Công ty Cổ phần Hóa chất Cơ bản miền Nam,CT,1357,"Sản phẩm hóa dầu, Nông dược & Hóa chất khác",1350
CT3,UPCOM,stock,listed,Công ty Cổ phần Đầu tư và Xây dựng công trình 3,CT,2357,Xây dựng,2350
CT5,UPCOM,stock,listed,,,,,
CT6,UPCOM,stock,listed,Công ty Cổ phần Công trình 6,CT,2357,Xây dựng,2350
CTA,UPCOM,stock,listed,,,,,
CTB,HNX,stock,listed,Công ty Cổ phần Chế tạo Bơm Hải Dương,CT,2757,Máy công nghiệp,2750
CTC,UPCOM,stock,listed,Công ty Cổ phần Tập đoàn Hoàng Kim Tây Nguyên,CT,5759,Vận tải hành khách & Du lịch,5750
CTD,HOSE,stock,listed,Công ty Cổ phần Xây dựng Coteccons,CT,2357,Xây dựng,2350
CTF,HOSE,stock,listed,Công ty Cổ phần City Auto,CT,3353,Sản xuất ô tô,3350
CTG,HOSE,stock,listed,Ngân hàng Thương mại Cổ phần Công thương Việt Nam,NH,8355,Ngân hàng,8350
CTI,HOSE,stock,listed,Công ty Cổ phần Đầu tư Phát triển Cường Thuận IDICO,CT,2357,Xây dựng,2350
CTN,UPCOM,stock,listed,,,,,
CTP,HNX,stock,listed,Công ty Cổ phần Tập đoàn CTP Group,CT,3537,Đồ uống & giải khát,3530
CTR,HOSE,stock,listed,Tổng Công ty Cổ phần Công trình Viettel,CT,2357,Xây dựng,2350
CTS,HOSE,stock,listed,Công ty Cổ phần Chứng khoán Vietinbank,CK,8777,Môi giới chứng khoán,8770
CTT,HNX,stock,listed,Công ty Cổ phần Chế tạo máy - Vinacomin,CT,2757,Máy công nghiệp,2750
CTW,UPCOM,stock,listed,Công ty Cổ phần Cấp thoát nước Cần Thơ,CT,7577,Nước,7570
CTX,UPCOM,stock,listed,Tổng Công ty Cổ phần Đầu tư Xây dựng và Thương mại Việt Nam,CT,2357,Xây dựng,2350
CVC,UPCOM,stock,listed,,,,,
CVH,UPCOM,stock,listed,,,,,
CVN,UPCOM,stock,listed,Công ty Cổ phần Vinam,CT,4535,Thiết bị y tế,4530
CVP,UPCOM,stock,listed,,,,,
CVS,HOSE,stock,listed,,,,,
CVT,HOSE,stock,listed,Công ty Cổ phần CMC,CT,2353,Vật liệu xây dựng & Nội thất,2350
CX8,HNX,stock,listed,Công ty Cổ phần Đầu tư và Xây lắp Constrexim số 8,CT,2357,Xây dựng,2350
CXH,UPCOM,stock,listed,,,,,
CXM,HOSE,stock,listed,,,,,
CYC,UPCOM,stock,listed,,,,,
CZC,UPCOM,stock,listed,,,,,
D11,HNX,stock,listed,Công ty Cổ phần Địa ốc 11,CT,8633,Bất động sản,8630
D17,UPCOM,stock,listed,,,,,
D26,UPCOM,stock,listed,,,,,
D2D,HOSE,stock,listed,Công ty Cổ phần Phát triển Đô thị Công nghiệp số 2,CT,8633,Bất động sản,8630
DAC,UPCOM,stock,listed,Công ty Cổ phần 382 Đông Anh,CT,2353,Vật liệu xây dựng & Nội thất,2350
DAD,HNX,stock,listed,Công ty Cổ phần Đầu tư và Phát triển Giáo dục Đà Nẵng,CT,5557,"Sách, ấn bản & sản phẩm văn hóa",5550
DAE,HNX,stock,listed,Công ty Cổ phần Sách Giáo dục tại Thành phố Đà Nẵng,CT,5557,"Sách, ấn bản & sản phẩm văn hóa",5550
DAG,UPCOM,stock,listed,Công ty Cổ phần Tập đoàn Nhựa Đông Á,CT,1353,"Nhựa, cao su & sợi",1350
DAH,HOSE,stock,listed,Công ty Cổ phần Tập đoàn Khách sạn Đông Á,CT,5753,Khách sạn,5750
DAN,UPCOM,stock,listed,Công ty Cổ phần Dược Danapha,CT,4577,Dược phẩm,4570
DAP,UPCOM,stock,listed,,,,,
DAR,UPCOM,stock,listed,,,,,
DAS,UPCOM,stock,listed,Công ty Cổ phần Máy - Thiết bị Dầu khí Đà Nẵng,CT,3353,Sản xuất ô tô,3350
DAT,HOSE,stock,listed,Công ty Cổ phần Đầu tư Du lịch và Phát triển Thủy sản,CT,3573,Nuôi trồng nông & hải sản,3570
DBC,HOSE,stock,listed,Công ty Cổ phần Tập đoàn Dabaco Việt Nam,CT,3573,Nuôi trồng nông & hải sản,3570
DBD,HOSE,stock,listed,Công ty Cổ phần Dược - Trang thiết bị y tế Bình Định (BIDIPHAR),CT,4577,Dược phẩm,4570
DBH,UPCOM,stock,listed,,,,,
DBM,UPCOM,stock,listed,Công ty Cổ phần Dược - Vật tư Y tế Đắk Lắk,CT,4577,Dược phẩm,4570
DBT,HOSE,stock,listed,Công ty Cổ phần Dược phẩm Bến Tre,CT,4577,Dược phẩm,4570
DBW,UPCOM,stock,listed,,,,,
DC1,UPCOM,stock,listed,Công ty Cổ phần Đầu tư Phát triển Xây dựng số 1,CT,2357,Xây dựng,2350
DC2,HNX,stock,listed,Công ty Cổ phần Đầu tư Phát triển - Xây dựng (DIC) số 2,CT,2357,Xây dựng,2350
DC4,HOSE,stock,listed,Công ty Cổ phần Dicera Holdings,CT,2357,Xây dựng,2350
DCD,UPCOM,stock,listed,,,,,
DCF,UPCOM,stock,listed,Công ty Cổ phần Xây dựng và Thiết kế số 1,CT,2357,Xây dựng,2350
DCG,UPCOM,stock,listed,Công ty Cổ phần Tổng Công ty May Đáp Cầu,CT,3763,Hàng May mặc,3760
DCH,UPCOM,stock,listed,Công ty Cổ phần Địa chính Hà Nội,CT,8637,"Tư Vấn, Định giá, Môi giới Bất động sản",8630
DCI,UPCOM,stock,listed,,,,,
DCL,HOSE,stock,listed,Công ty Cổ phần Dược phẩm Cửu Long,CT,4577,Dược phẩm,4570
DCM,HOSE,stock,listed,Công ty Cổ phần - Tổng Công ty Phân bón Dầu Khí Cà Mau,CT,1357,"Sản phẩm hóa dầu, Nông dược & Hóa chất khác",1350
DCR,UPCOM,stock,listed,Công ty Cổ phần Gạch men COSEVCO,CT,2353,Vật liệu xây dựng & Nội thất,2350
DCS,UPCOM,stock,listed,Công ty Cổ phần Tập đoàn EDX,CT,3726,Thiết bị gia dụng,3720
DCT,UPCOM,stock,listed,Công ty Cổ phần Tấm lợp Vật liệu Xây dựng Đồng Nai,CT,2353,Vật liệu xây dựng & Nội thất,2350
DCV,UPCOM,stock,listed,Công ty Cổ phần Quản Lý Quỹ đầu tư Dragon Capital Việt Nam,CT,8771,Quản lý tài sản,8770
DDB,UPCOM,stock,listed,Công ty Cổ Phần Thương Mại Và Xây Dựng Đông Dương,CT,2353,Vật liệu xây dựng & Nội thất,2350
DDG,UPCOM,stock,listed,Công ty Cổ phần Đầu tư Công nghiệp Xuất nhập khẩu Đông Dương,CT,7573,Phân phối xăng dầu & khí đốt,7570
DDH,UPCOM,stock,listed,Công ty Cổ phần Đảm bảo giao thông đường thủy Hải Phòng,CT,2777,"Kho bãi, hậu cần và bảo dưỡng",2770
DDM,UPCOM,stock,listed,Công ty Cổ phần Hàng hải Đông Đô,CT,2773,Vận tải Thủy,2770
DDN,UPCOM,stock,listed,Công ty Cổ phần Dược - Thiết bị y tế Đà Nẵng,CT,4577,Dược phẩm,4570
DDV,UPCOM,stock,listed,Công ty Cổ phần DAP - Vinachem,CT,1357,"Sản phẩm hóa dầu, Nông dược & Hóa chất khác",1350
DFC,UPCOM,stock,listed,Công ty Cổ phần Xích líp Đông Anh,CT,1757,Thép và sản phẩm thép,1750
DFF,UPCOM,stock,listed,Công ty Cổ phần Tập đoàn Đua Fat,CT,2357,Xây dựng,2350
DFS,UPCOM,stock,listed,,,,,
DGC,HOSE,stock,listed,Công ty Cổ phần Tập đoàn Hóa chất Đức Giang,CT,1357,"Sản phẩm hóa dầu, Nông dược & Hóa chất khác",1350
DGL,HNX,stock,listed,,,,,
DGT,UPCOM,stock,listed,Công ty Cổ phần Công trình Giao thông Đồng Nai,CT,2353,Vật liệu xây dựng & Nội thất,2350
DGW,HOSE,stock,listed,Công ty Cổ phần Thế Giới Số,CT,5379,Phân phối hàng chuyên dụng,5370
DHA,HOSE,stock,listed,Công ty Cổ phần Hóa An,CT,2353,Vật liệu xây dựng & Nội thất,2350
DHB,UPCOM,stock,listed,Công ty Cổ phần Phân đạm và Hóa chất Hà Bắc,CT,1357,"Sản phẩm hóa dầu, Nông dược & Hóa chất khác",1350
DHC,HOSE,stock,listed,Công ty Cổ phần Đông Hải Bến Tre,CT,1737,Sản xuất giấy,1730
DHD,UPCOM,stock,listed,Công ty Cổ phần Dược Vật Tư Y Tế Hải Dương,CT,4577,Dược phẩm,4570
DHG,HOSE,stock,listed,Công ty Cổ phần Dược Hậu Giang,CT,4577,Dược phẩm,4570
DHI,HNX,stock,listed,,,,,
DHL,HNX,stock,listed,,,,,
DHM,HOSE,stock,listed,Công ty Cổ phần Đầu tư và Thương mại DHM,CT,1775,Khai khoáng,1770
DHN,UPCOM,stock,listed,Công ty Cổ phần Dược phẩm Hà Nội,CT,4577,Dược phẩm,4570
DHP,HNX,stock,listed,Công ty Cổ phần Điện cơ Hải Phòng,CT,2737,Thiết bị điện,2730
DHT,HNX,stock,listed,Công ty Cổ phần Dược phẩm Hà Tây,CT,4577,Dược phẩm,4570
DIC,UPCOM,stock,listed,Công ty Cổ phần Đầu tư và Thương mại DIC,CT,2353,Vật liệu xây dựng & Nội thất,2350
DID,UPCOM,stock,listed,Công ty Cổ phần DIC - Đồng Tiến,CT,2353,Vật liệu xây dựng & Nội thất,2350
DIG,HOSE,stock,listed,Tổng Công ty Cổ phần Đầu tư Phát triển Xây dựng,CT,8633,Bất động sản,8630
DIH,HNX,stock,listed,Công ty Cổ phần Đầu tư Phát triển Xây dựng - Hội An,CT,8633,Bất động sản,8630
DKC,UPCOM,stock,listed,Công ty Cổ phần Chợ Lạng Sơn,CT,5373,Bán lẻ phức hợp,5370
DKG,UPCOM,stock,listed,Công ty Cổ Phần Tập đoàn DamiK,CT,2353,Vật liệu xây dựng & Nội thất,2350
DKH,UPCOM,stock,listed,,,,,
DKP,UPCOM,stock,listed,,,,,
DKW,UPCOM,stock,listed,,,,,
DL1,HNX,stock,listed,Công ty Cổ phần Tập đoàn Alpha Seven,CT,2777,"Kho bãi, hậu cần và bảo dưỡng",2770
DLD,UPCOM,stock,listed,Công ty Cổ phần Du lịch Đắk Lắk,CT,5753,Khách sạn,5750
DLG,HOSE,stock,listed,Công ty Cổ phần Tập đoàn Đức Long Gia Lai,CT,2357,Xây dựng,2350
DLM,UPCOM,stock,listed,,,,,
DLR,UPCOM,stock,listed,Công ty Cổ phần Địa ốc Đà Lạt,CT,2357,Xây dựng,2350
DLT,UPCOM,stock,listed,Công ty Cổ phần Du lịch và Thương mại - Vinacomin,CT,5759,Vận tải hành khách & Du lịch,5750
DM7,UPCOM,stock,listed,Công ty Cổ phần Dệt may 7,CT,3763,Hàng May mặc,3760
DMC,HOSE,stock,listed,Công ty Cổ phần Xuất nhập khẩu Y tế DOMESCO,CT,4577,Dược phẩm,4570
DMN,UPCOM,stock,listed,Công ty Cổ phần Domenal,CT,3573,Nuôi trồng nông & hải sản,3570
DMS,UPCOM,stock,listed,,,,,
DMX,HOSE,stock,listed,Công ty Cổ phần Đầu tư Điện Máy Xanh,CT,5373,Bán lẻ phức hợp,5370
DNA,UPCOM,stock,listed,Công ty Cổ phần Điện nước An Giang,CT,7577,Nước,7570
DNB,UPCOM,stock,listed,,,,,
DNC,HNX,stock,listed,Công ty Cổ phần Điện nước Lắp máy Hải Phòng,CT,7535,Sản xuất & Phân phối Điện,7530
DND,UPCOM,stock,listed,Công ty Cổ phần Đầu tư Xây dựng và Vật liệu Đồng Nai,CT,2353,Vật liệu xây dựng & Nội thất,2350
DNE,UPCOM,stock,listed,Công ty Cổ phần Môi trường Đô thị Đà Nẵng,CT,2799,Chất thải & Môi trường,2790
DNH,UPCOM,stock,listed,Công ty Cổ phần Thủy điện Đa Nhim - Hàm Thuận - Đa Mi,CT,7535,Sản xuất & Phân phối Điện,7530
DNL,UPCOM,stock,listed,Công ty Cổ phần Logistics Cảng Đà Nẵng,CT,2777,"Kho bãi, hậu cần và bảo dưỡng",2770
DNM,UPCOM,stock,listed,Tổng Công ty Cổ phần Y tế Danameco,CT,4537,Dụng cụ y tế,4530
DNN,UPCOM,stock,listed,Công ty Cổ phần Cấp nước Đà Nẵng,CT,7577,Nước,7570
DNP,HNX,stock,listed,Công ty Cổ phần DNP Holding,CT,2353,Vật liệu xây dựng & Nội thất,2350
DNR,UPCOM,stock,listed,,,,,
DNS,UPCOM,stock,listed,,,,,
DNT,UPCOM,stock,listed,Công ty Cổ phần Du lịch Đồng Nai,CT,5755,Dịch vụ giải trí,5750
DNW,UPCOM,stock,listed,Công ty Cổ phần Cấp nước Đồng Nai,CT,7577,Nước,7570
DNY,UPCOM,stock,listed,,,,,
DOC,UPCOM,stock,listed,Công ty Cổ phần Vật tư nông nghiệp Đồng Nai,CT,1357,"Sản phẩm hóa dầu, Nông dược & Hóa chất khác",1350
DOP,UPCOM,stock,listed,Công ty Cổ phần Vận tải Xăng dầu Đồng Tháp,CT,2779,Dịch vụ vận tải,2770
DP1,UPCOM,stock,listed,Công ty Cổ phần Dược phẩm Trung ương CPC1,CT,4577,Dược phẩm,4570
DP2,UPCOM,stock,listed,Công ty Cổ phần Dược phẩm Trung ương 2,CT,4577,Dược phẩm,4570
DP3,HNX,stock,listed,Công ty Cổ Phần Dược Phẩm Trung Ương 3,CT,4577,Dược phẩm,4570
DPC,UPCOM,stock,listed,Công ty Cổ phần Nhựa Đà Nẵng,CT,2723,Containers & Đóng gói,2720
DPD,UPCOM,stock,listed,,,,,
DPG,HOSE,stock,listed,Công ty Cổ phần Tập đoàn Đạt Phương,CT,2357,Xây dựng,2350
DPH,UPCOM,stock,listed,Công ty Cổ phần Dược phẩm Hải Phòng,CT,4577,Dược phẩm,4570
DPM,HOSE,stock,listed,Tổng Công ty Phân bón và Hóa chất Dầu khí - Công ty Cổ phần,CT,1357,"Sản phẩm hóa dầu, Nông dược & Hóa chất khác",1350
DPP,UPCOM,stock,listed,Công ty Cổ phần Dược Đồng Nai,CT,4577,Dược phẩm,4570
DPR,HOSE,stock,listed,Công ty Cổ phần Cao su Đồng Phú,CT,1353,"Nhựa, cao su & sợi",1350
DPS,UPCOM,stock,listed,,,,,
DQC,HOSE,stock,listed,Công ty Cổ phần Tập đoàn Điện Quang,CT,3726,Thiết bị gia dụng,3720
DRC,HOSE,stock,listed,Công ty Cổ phần Cao su Đà Nẵng,CT,3357,Lốp xe,3350
DRG,UPCOM,stock,listed,Công ty Cổ phần Cao su Đắk Lắk,CT,1353,"Nhựa, cao su & sợi",1350
DRH,HOSE,stock,listed,Công ty Cổ phần DRH Holdings,CT,8633,Bất động sản,8630
DRI,UPCOM,stock,listed,Công ty Cổ phần Đầu tư Cao su Đắk Lắk,CT,1353,"Nhựa, cao su & sợi",1350
DRL,HOSE,stock,listed,Công ty Cổ phần Thủy điện - Điện lực 3,CT,7535,Sản xuất & Phân phối Điện,7530
DS3,HNX,stock,listed,Công ty Cổ phần DS3,CT,2777,"Kho bãi, hậu cần và bảo dưỡng",2770
DSC,HOSE,stock,listed,Công ty Cổ phần Chứng khoán DSC,CK,8777,Môi giới chứng khoán,8770
DSD,UPCOM,stock,listed,Công ty cổ phần DHC Suối Đôi,CT,5755,Dịch vụ giải trí,5750
DSE,HOSE,stock,listed,Công ty Cổ phần Chứng khoán DNSE,CK,8777,Môi giới chứng khoán,8770
DSG,UPCOM,stock,listed,Công ty Cổ phần Kính Đáp Cầu,CT,2353,Vật liệu xây dựng & Nội thất,2350
DSH,UPCOM,stock,listed,Công ty Cổ phần Đông Sơn Holdings,CT,2357,Xây dựng,2350
DSN,HOSE,stock,listed,Công ty Cổ phần Công viên nước Đầm Sen,CT,5755,Dịch vụ giải trí,5750
DSP,UPCOM,stock,listed,Công ty Cổ phần Dịch vụ Du lịch Phú Thọ,CT,5759,Vận tải hành khách & Du lịch,5750
DSS,UPCOM,stock,listed,,,,,
DST,HNX,stock,listed,Công ty Cổ phần Đầu tư Sao Thăng Long,CT,5557,"Sách, ấn bản & sản phẩm văn hóa",5550
DSV,UPCOM,stock,listed,,,,,
DT4,UPCOM,stock,listed,,,,,
DTA,HOSE,stock,listed,Công ty Cổ phần Đệ Tam,CT,8633,Bất động sản,8630
DTB,UPCOM,stock,listed,,,,,
DTC,UPCOM,stock,listed,Công ty Cổ phần Viglacera Đông Triều,CT,2353,Vật liệu xây dựng & Nội thất,2350
DTD,HNX,stock,listed,Công ty Cổ phần Đầu tư Phát triển Thành Đạt,CT,8633,Bất động sản,8630
DTE,UPCOM,stock,listed,,,,,
DTG,HNX,stock,listed,Công ty Cổ phần Dược phẩm Tipharco,CT,4577,Dược phẩm,4570
DTH,UPCOM,stock,listed,Công ty Cổ phần Dược - Vật tư Y tế Thanh Hóa,CT,4535,Thiết bị y tế,4530
DTI,UPCOM,stock,listed,Công ty Cổ phần Đầu tư Đức Trung,CT,5753,Khách sạn,5750
DTK,HNX,stock,listed,Tổng Công ty Điện lực TKV - Công ty Cổ phần,CT,7535,Sản xuất & Phân phối Điện,7530
DTL,HOSE,stock,listed,Công ty Cổ phần Đại Thiên Lộc,CT,1757,Thép và sản phẩm thép,1750
DTN,UPCOM,stock,listed,,,,,
DTP,UPCOM,stock,listed,Công ty Cổ phần Dược phẩm CPC1 Hà Nội,CT,4577,Dược phẩm,4570
DTT,HOSE,stock,listed,Công ty Cổ phần Kỹ nghệ Đô Thành,CT,1353,"Nhựa, cao su & sợi",1350
DTV,UPCOM,stock,listed,,,,,
DUS,UPCOM,stock,listed,Công ty Cổ phần Dịch vụ Đô thị Đà Lạt,CT,2799,Chất thải & Môi trường,2790
DVC,UPCOM,stock,listed,Công ty Cổ phần Thương mại dịch vụ Tổng Hợp Cảng Hải Phòng,CT,7573,Phân phối xăng dầu & khí đốt,7570
DVG,UPCOM,stock,listed,Công ty Cổ phần Đại Việt Group DVG,CT,2353,Vật liệu xây dựng & Nội thất,2350
DVH,UPCOM,stock,listed,,,,,
DVM,HNX,stock,listed,Công ty Cổ phần Dược liệu Việt Nam,CT,4577,Dược phẩm,4570
DVN,UPCOM,stock,listed,Tổng Công ty Dược Việt Nam - CTCP,CT,4577,Dược phẩm,4570
DVP,HOSE,stock,listed,Công ty Cổ phần Đầu tư và Phát triển Cảng Đình Vũ,CT,2777,"Kho bãi, hậu cần và bảo dưỡng",2770
DVT,UPCOM,stock,listed,Công ty Cổ phần Đào tạo và Dịch vụ Giao thông vận tải Bình Định,CT,2793,Đào tạo & Việc làm,2790
DVW,UPCOM,stock,listed,Công ty Cổ phần Dịch vụ và Xây dựng cấp nước Đồng Nai,CT,2357,Xây dựng,2350
DWC,UPCOM,stock,listed,Công ty Cổ phần Cấp nước Đắk Lắk,CT,7577,Nước,7570
DWS,UPCOM,stock,listed,Công ty Cổ phần Cấp nước và Môi trường Đô thị Đồng Tháp,CT,7577,Nước,7570
DX2,UPCOM,stock,listed,,,,,
DXD,UPCOM,stock,listed,,,,,
DXG,HOSE,stock,listed,Công ty Cổ phần Bluemarq Group,CT,8633,Bất động sản,8630
DXL,UPCOM,stock,listed,Công ty Cổ phần Du lịch và Xuất nhập khẩu Lạng Sơn,CT,5753,Khách sạn,5750
DXP,HNX,stock,listed,Công ty Cổ phần Cảng Đoạn Xá,CT,2777,"Kho bãi, hậu cần và bảo dưỡng",2770
DXS,HOSE,stock,listed,Công ty Cổ phần Dịch vụ Bất động sản Đất Xanh,CT,8637,"Tư Vấn, Định giá, Môi giới Bất động sản",8630
DXV,HOSE,stock,listed,Công ty Cổ phần VICEM Vật liệu Xây dựng Đà Nẵng,CT,2353,Vật liệu xây dựng & Nội thất,2350
DZM,UPCOM,stock,listed,,,,,
E12,UPCOM,stock,listed,Công ty Cổ phần Xây Dựng Điện VNECO 12,CT,2357,Xây dựng,2350
E29,UPCOM,stock,listed,Công ty cổ phần Đầu tư Xây dựng và Kỹ thuật 29,CT,2357,Xây dựng,2350
EAD,UPCOM,stock,listed,,,,,
EBA,HNX,stock,listed,,,,,
EBS,HNX,stock,listed,Công ty Cổ phần Sách Giáo dục tại Thành phố Hà Nội,CT,5557,"Sách, ấn bản & sản phẩm văn hóa",5550
ECI,HNX,stock,listed,Công ty Cổ phần Tập đoàn ECI,CT,5557,"Sách, ấn bản & sản phẩm văn hóa",5550
ECO,UPCOM,stock,listed,Công ty Cổ Phần Nhựa Sinh Thái Việt Nam,CT,1353,"Nhựa, cao su & sợi",1350
EFI,UPCOM,stock,listed,Công ty Cổ phần Đầu tư Tài chính Giáo dục,CT,8633,Bất động sản,8630
EIB,HOSE,stock,listed,Ngân hàng Thương mại Cổ phần Xuất nhập khẩu Việt Nam,NH,8355,Ngân hàng,8350
EIC,UPCOM,stock,listed,Công ty Cổ phần EVN Quốc Tế,CT,2357,Xây dựng,2350
EID,HNX,stock,listed,Công ty Cổ phần Đầu tư và Phát triển Giáo dục Hà Nội,CT,5557,"Sách, ấn bản & sản phẩm văn hóa",5550
EIN,UPCOM,stock,listed,Công ty Cổ phần Đầu tư - Thương Mại - Dịch vụ Điện lực,CT,5753,Khách sạn,5750
ELC,HOSE,stock,listed,Công ty Cổ phần Công nghệ - Viễn thông ELCOM,CT,9578,Thiết bị viễn thông,9570
EMC,HOSE,stock,listed,,,,,
EME,UPCOM,stock,listed,Công ty Cổ phần Điện Cơ,CT,2737,Thiết bị điện,2730
EMG,UPCOM,stock,listed,Công ty Cổ phần Thiết bị Phụ tùng Cơ điện,CT,2737,Thiết bị điện,2730
EMS,UPCOM,stock,listed,Tổng Công ty Chuyển phát nhanh Bưu điện - Công ty Cổ phần,CT,2771,Chuyển phát nhanh,2770
EPC,UPCOM,stock,listed,,,,,
EPH,UPCOM,stock,listed,,,,,
ESL,UPCOM,stock,listed,,,,,
EVE,HOSE,stock,listed,Công ty Cổ phần Everpia,CT,3763,Hàng May mặc,3760
EVF,HOSE,stock,listed,Công ty Tài chính Tổng hợp Cổ phần Điện Lực,NH,8773,Tài chính cá nhân,8770
EVG,HOSE,stock,listed,Công ty Cổ phần Tập đoàn Everland,CT,2357,Xây dựng,2350
EVS,HNX,stock,listed,Công ty Cổ phần Chứng khoán EVS,CK,8777,Môi giới chứng khoán,8770
F88,UPCOM,stock,listed,Công ty Cổ phần Đầu tư F88,CT,8773,Tài chính cá nhân,8770
FBA,UPCOM,stock,listed,,,,,
FBC,UPCOM,stock,listed,Công ty Cổ phần Cơ khí Phổ Yên,CT,2757,Máy công nghiệp,2750
FCC,UPCOM,stock,listed,Công ty Cổ phần Liên hợp Thực phẩm,CT,8633,Bất động sản,8630
FCM,HOSE,stock,listed,Công ty Cổ phần Bê tông Phan Vũ Hà Nam,CT,2353,Vật liệu xây dựng & Nội thất,2350
FCN,HOSE,stock,listed,Công ty Cổ phần FECON,CT,2357,Xây dựng,2350
FCS,UPCOM,stock,listed,Công ty Cổ phần Lương thực Thành phố Hồ Chí Minh,CT,3577,Thực phẩm,3570
FDC,HOSE,stock,listed,Công ty Cổ phần Ngoại thương và Phát triển Đầu tư Thành phố Hồ Chí Minh,CT,8633,Bất động sản,8630
FDG,UPCOM,stock,listed,,,,,
FDT,UPCOM,stock,listed,,,,,
FGL,UPCOM,stock,listed,Công ty Cổ phần Cà phê Gia Lai,CT,3537,Đồ uống & giải khát,3530
FHH,UPCOM,stock,listed,,,,,
FHN,UPCOM,stock,listed,Công ty Cổ phần Xuất nhập khẩu Lương thực - Thực phẩm Hà Nội,CT,5337,Phân phối thực phẩm,5330
FHS,UPCOM,stock,listed,Công ty Cổ phần Phát hành sách Thành phố Hồ Chí Minh - FAHASA,CT,5557,"Sách, ấn bản & sản phẩm văn hóa",5550
FIC,UPCOM,stock,listed,Tổng Công ty Vật liệu Xây dựng số 1 - Công ty Cổ phần,CT,2353,Vật liệu xây dựng & Nội thất,2350
FID,HNX,stock,listed,Công ty Cổ phần Đầu tư và Phát triển Doanh nghiệp Việt Nam,CT,2353,Vật liệu xây dựng & Nội thất,2350
FIR,HOSE,stock,listed,Công ty Cổ phần Địa ốc First Real,CT,8633,Bất động sản,8630
FIT,HOSE,stock,listed,Công ty Cổ phần Tập đoàn F.I.T,CT,4577,Dược phẩm,4570
FLC,UPCOM,stock,listed,,,,,
FMC,HOSE,stock,listed,Công ty Cổ phần Thực phẩm Sao Ta,CT,3573,Nuôi trồng nông & hải sản,3570
FOC,UPCOM,stock,listed,Công ty Cổ phần Dịch vụ Trực tuyến FPT,CT,5555,Dịch vụ truyền thông,5550
FOX,UPCOM,stock,listed,Công ty Cổ phần Viễn thông FPT,CT,6535,Viễn thông cố định,6530
FPT,HOSE,stock,listed,Công ty Cổ phần FPT,CT,9537,Phần mềm,9530
FRC,UPCOM,stock,listed,Công ty Cổ phần Lâm đặc sản xuất khẩu Quảng Nam,CT,1733,Lâm sản và Chế biến gỗ,1730
FRM,UPCOM,stock,listed,Công ty Cổ phần Lâm nghiệp Sài Gòn,CT,1733,Lâm sản và Chế biến gỗ,1730
FRT,HOSE,stock,listed,Công ty Cổ phần Bán lẻ Kỹ thuật số FPT,CT,5379,Phân phối hàng chuyên dụng,5370
FSC,UPCOM,stock,listed,,,,,
FSO,UPCOM,stock,listed,Công ty Cổ phần Cơ khí Đóng tàu - Thủy sản Việt Nam,CT,2753,Xe tải & Đóng tàu,2750
FT1,UPCOM,stock,listed,Công ty Cổ phần Phụ tùng máy số 1,CT,2757,Máy công nghiệp,2750
FTI,UPCOM,stock,listed,Công ty Cổ phần Công nghiệp - Thương mại Hữu Nghị,CT,3355,Phụ tùng ô tô,3350
FTM,UPCOM,stock,listed,Công ty Cổ phần Đầu tư và Phát triển Đức Quân,CT,3763,Hàng May mặc,3760
FTS,HOSE,stock,listed,Công ty Cổ phần Chứng khoán FPT,CK,8777,Môi giới chứng khoán,8770
G20,UPCOM,stock,listed,Công ty Cổ phần Đầu tư Dệt may Vĩnh Phúc,CT,3763,Hàng May mặc,3760
G36,UPCOM,stock,listed,Tổng Công ty 36 - Công ty Cổ phần,CT,2357,Xây dựng,2350
GAB,UPCOM,stock,listed,,,,,
GAS,HOSE,stock,listed,Tổng Công ty Khí Việt Nam - Công ty Cổ phần,CT,7573,Phân phối xăng dầu & khí đốt,7570
GCB,UPCOM,stock,listed,Công ty Cổ phần PETEC Bình Định,CT,7573,Phân phối xăng dầu & khí đốt,7570
GCD,UPCOM,stock,listed,,,,,
GCF,UPCOM,stock,listed,Công ty Cổ phần Thực phẩm G.C,CT,3577,Thực phẩm,3570
GDA,UPCOM,stock,listed,Công ty Cổ phần Tôn Đông Á,CT,1757,Thép và sản phẩm thép,1750
GDH,UPCOM,stock,listed,Công ty Cổ phần Tập đoàn GDC,CT,2357,Xây dựng,2350
GDT,HOSE,stock,listed,Công ty Cổ phần Chế biến Gỗ Đức Thành,CT,3726,Thiết bị gia dụng,3720
GDW,HNX,stock,listed,Công ty Cổ phần Cấp nước Gia Định,CT,7577,Nước,7570
GE2,UPCOM,stock,listed,Tổng Công ty Phát điện 2 - Công ty Cổ phần,CT,7535,Sản xuất & Phân phối Điện,7530
GEE,HOSE,stock,listed,Công ty Cổ phần Điện lực Gelex,CT,2737,Thiết bị điện,2730
GEG,HOSE,stock,listed,Công ty Cổ phần Điện Gia Lai,CT,7535,Sản xuất & Phân phối Điện,7530
GEL,HOSE,stock,listed,Công ty Cổ phần Hạ tầng GELEX,CT,2353,Vật liệu xây dựng & Nội thất,2350
GEM,UPCOM,stock,listed,,,,,
GER,UPCOM,stock,listed,Công ty Cổ phần Thể thao Ngôi sao Geru,CT,1353,"Nhựa, cao su & sợi",1350
GEX,HOSE,stock,listed,Công ty Cổ phần Tập đoàn Gelex,CT,2737,Thiết bị điện,2730
GFC,UPCOM,stock,listed,,,,,
GGG,UPCOM,stock,listed,Công ty Cổ phần Ô tô Giải Phóng,CT,3353,Sản xuất ô tô,3350
GGS,UPCOM,stock,listed,,,,,
GH3,UPCOM,stock,listed,Công ty Cổ phần Công trình giao thông Hà Nội,CT,2357,Xây dựng,2350
GHA,HNX,stock,listed,,,,,
GHC,HOSE,stock,listed,Công ty Cổ phần Thủy điện Gia Lai,CT,7535,Sản xuất & Phân phối Điện,7530
GIC,HNX,stock,listed,Công ty Cổ phần VSC Green Logistics,CT,2777,"Kho bãi, hậu cần và bảo dưỡng",2770
GID,UPCOM,stock,listed,,,,,
GIL,HOSE,stock,listed,Công ty Cổ phần Sản xuất Kinh doanh Xuất nhập khẩu Bình Thạnh,CT,3763,Hàng May mặc,3760
GKM,HNX,stock,listed,Công ty Cổ phần GKM Holdings,CT,2353,Vật liệu xây dựng & Nội thất,2350
GLC,UPCOM,stock,listed,Công ty Cổ phần Vàng Lào Cai,CT,1777,Khai thác vàng,1770
GLT,HNX,stock,listed,Công ty Cổ phần Kỹ thuật điện Toàn Cầu,CT,3743,Điện tử tiêu dùng,3740
GLW,UPCOM,stock,listed,Công ty Cổ phần Cấp thoát nước Gia Lai,CT,7577,Nước,7570
GMA,HNX,stock,listed,Công ty Cổ phần G-Automobile,CT,3353,Sản xuất ô tô,3350
GMC,UPCOM,stock,listed,Công ty Cổ phần Garmex Sài Gòn,CT,3763,Hàng May mặc,3760
GMD,HOSE,stock,listed,Công ty Cổ phần Tập đoàn Gemadept,CT,2777,"Kho bãi, hậu cần và bảo dưỡng",2770
GMH,HOSE,stock,listed,Công ty Cổ phần Minh Hưng Quảng Trị,CT,2353,Vật liệu xây dựng & Nội thất,2350
GMX,HNX,stock,listed,Công ty Cổ phần Gạch ngói Gốm xây dựng Mỹ Xuân,CT,2353,Vật liệu xây dựng & Nội thất,2350
GND,UPCOM,stock,listed,Công ty Cổ phần Gạch ngói Đồng Nai,CT,2353,Vật liệu xây dựng & Nội thất,2350
GPC,UPCOM,stock,listed,Công ty Cổ phần Tập đoàn Green+,CT,4577,Dược phẩm,4570
GQN,UPCOM,stock,listed,,,,,
GSM,UPCOM,stock,listed,Công ty Cổ phần Thủy điện Hương Sơn,CT,7535,Sản xuất & Phân phối Điện,7530
GSP,HOSE,stock,listed,Công ty Cổ phần Vận tải Sản phẩm Khí Quốc tế,CT,2773,Vận tải Thủy,2770
GTA,HOSE,stock,listed,Công ty Cổ phần Chế biến Gỗ Thuận An,CT,1733,Lâm sản và Chế biến gỗ,1730
GTC,UPCOM,stock,listed,,,,,
GTD,UPCOM,stock,listed,Công ty Cổ phần Giầy Thượng Đình,CT,3765,Giầy dép,3760
GTH,UPCOM,stock,listed,,,,,
GTK,UPCOM,stock,listed,,,,,
GTN,HOSE,stock,listed,,,,,
GTS,UPCOM,stock,listed,Công ty Cổ phần Công trình Giao thông Sài Gòn,CT,2357,Xây dựng,2350
GTT,UPCOM,stock,listed,Công ty Cổ phần Thuận Thảo,CT,5755,Dịch vụ giải trí,5750
GVR,HOSE,stock,listed,Tập đoàn Công nghiệp Cao su Việt Nam - Công ty Cổ phần,CT,1353,"Nhựa, cao su & sợi",1350
GVT,UPCOM,stock,listed,Công ty Cổ phần Giấy Việt Trì,CT,1737,Sản xuất giấy,1730
H11,UPCOM,stock,listed,Công ty Cổ phần Xây dựng HUD101,CT,2357,Xây dựng,2350
HAB,UPCOM,stock,listed,,,,,
HAC,UPCOM,stock,listed,Công ty Cổ phần Chứng khoán Hải Phòng,CK,8777,Môi giới chứng khoán,8770
HAD,HNX,stock,listed,Công ty Cổ phần Bia Hà Nội - Hải Dương,CT,3533,Sản xuất bia,3530
HAF,UPCOM,stock,listed,Công ty Cổ phần Thực phẩm Hà Nội,CT,3577,Thực phẩm,3570
HAG,HOSE,stock,listed,Công ty Cổ phần Hoàng Anh Gia Lai,CT,3573,Nuôi trồng nông & hải sản,3570
HAH,HOSE,stock,listed,Công ty Cổ phần Vận tải và Xếp dỡ Hải An,CT,2777,"Kho bãi, hậu cần và bảo dưỡng",2770
HAI,UPCOM,stock,listed,,,,,
HAL,UPCOM,stock,listed,,,,,
HAM,UPCOM,stock,listed,Công ty Cổ phần Vật tư Hậu Giang,CT,2353,Vật liệu xây dựng & Nội thất,2350
HAN,UPCOM,stock,listed,Tổng Công ty Xây dựng Hà Nội - CTCP,CT,2357,Xây dựng,2350
HAP,HOSE,stock,listed,Công ty Cổ phần Tập Đoàn Hapaco,CT,1737,Sản xuất giấy,1730
HAR,HOSE,stock,listed,Công ty Cổ phần Đầu tư Thương mại Bất động sản An Dương Thảo Điền,CT,8633,Bất động sản,8630
HAS,HOSE,stock,listed,Công ty Cổ phần Hacisco,CT,2357,Xây dựng,2350
HAT,HNX,stock,listed,Công ty Cổ phần Thương mại Bia Hà Nội,CT,3533,Sản xuất bia,3530
HAV,UPCOM,stock,listed,Công ty Cổ phần Rượu Hapro,CT,3535,Vang & Rượu mạnh,3530
HAW,UPCOM,stock,listed,,,,,
HAX,HOSE,stock,listed,Công ty Cổ phần Dịch vụ Ô tô Hàng Xanh,CT,3353,Sản xuất ô tô,3350
HBB,HNX,stock,listed,,,,,
HBC,UPCOM,stock,listed,Công ty Cổ phần Tập đoàn Xây dựng Hòa Bình,CT,2357,Xây dựng,2350
HBD,UPCOM,stock,listed,Công ty Cổ phần Bao bì PP Bình Dương,CT,2723,Containers & Đóng gói,2720
HBE,HNX,stock,listed,,,,,
HBH,UPCOM,stock,listed,Công ty Cổ phần HABECO - Hải Phòng,CT,3533,Sản xuất bia,3530
HBI,UPCOM,stock,listed,,,,,
HBS,HNX,stock,listed,Công ty Cổ phần Chứng khoán Hòa Bình,CK,8777,Môi giới chứng khoán,8770
HBW,UPCOM,stock,listed,,,,,
HC1,UPCOM,stock,listed,Công ty Cổ phần Xây dựng số 1 Hà Nội,CT,2357,Xây dựng,2350
HC3,UPCOM,stock,listed,Công ty Cổ phần Xây dựng số 3 Hải Phòng,CT,2357,Xây dựng,2350
HCB,UPCOM,stock,listed,,,,,
HCC,HNX,stock,listed,Công ty Cổ phần Bê tông Hòa Cầm - Intimex,CT,2353,Vật liệu xây dựng & Nội thất,2350
HCD,HOSE,stock,listed,Công ty Cổ phần Đầu tư Sản xuất và Thương mại HCD,CT,1353,"Nhựa, cao su & sợi",1350
HCI,UPCOM,stock,listed,Công ty Cổ phần Đầu tư - Xây dựng Hà Nội,CT,2357,Xây dựng,2350
HCM,HOSE,stock,listed,Công ty Cổ phần Chứng khoán Thành phố Hồ Chí Minh,CK,8777,Môi giới chứng khoán,8770
HCS,UPCOM,stock,listed,,,,,
HCT,HNX,stock,listed,Công ty Cổ phần Thương mại - Dịch vụ - Vận tải Xi măng Hải Phòng,CT,2779,Dịch vụ vận tải,2770
HD2,UPCOM,stock,listed,Công ty Cổ phần Đầu tư phát triển nhà HUD2,CT,8633,Bất động sản,8630
HD6,UPCOM,stock,listed,Công ty Cổ phần Đầu tư và Phát triển nhà số 6 Hà Nội,CT,8633,Bất động sản,8630
HD8,UPCOM,stock,listed,Công ty Cổ phần Đầu tư Phát triển Nhà và Đô thị HUD8,CT,8633,Bất động sản,8630
HDA,HNX,stock,listed,Công ty Cổ phần Hãng sơn Đông Á,CT,2353,Vật liệu xây dựng & Nội thất,2350
HDB,HOSE,stock,listed,Ngân hàng Thương mại Cổ phần Phát Triển Thành phố Hồ Chí Minh,NH,8355,Ngân hàng,8350
HDC,HOSE,stock,listed,Công ty Cổ phần Phát triển Nhà Bà Rịa Vũng Tàu,CT,8633,Bất động sản,8630
HDG,HOSE,stock,listed,Công ty Cổ phần Tập đoàn Hà Đô,CT,8633,Bất động sản,8630
HDM,UPCOM,stock,listed,Công ty Cổ phần Dệt May Huế,CT,3763,Hàng May mặc,3760
HDO,UPCOM,stock,listed,,,,,
HDP,UPCOM,stock,listed,Công ty Cổ phần Dược Hà Tĩnh,CT,4577,Dược phẩm,4570
HDS,UPCOM,stock,listed,,,,,
HDW,UPCOM,stock,listed,Công ty Cổ phần Kinh doanh Nước sạch Hải Dương,CT,7577,Nước,7570
HEC,UPCOM,stock,listed,Công ty Cổ phần Tư vấn xây dựng Thủy Lợi II,CT,2791,Tư vấn & Hỗ trợ KD,2790
HEJ,UPCOM,stock,listed,Tổng Công ty Tư vấn Xây dựng Thủy Lợi Việt Nam - CTCP,CT,2357,Xây dựng,2350
HEM,UPCOM,stock,listed,,,,,
HEP,UPCOM,stock,listed,Công ty Cổ phần Môi trường và Công trình đô thị Huế,CT,2799,Chất thải & Môi trường,2790
HES,UPCOM,stock,listed,Công ty Cổ phần Dịch vụ Giải trí Hà Nội,CT,5755,Dịch vụ giải trí,5750
HEV,HNX,stock,listed,Công ty Cổ phần Sách Đại học - Dạy nghề,CT,5557,"Sách, ấn bản & sản phẩm văn hóa",5550
HFB,UPCOM,stock,listed,Công ty Cổ phần Công trình Cầu phà Thành phố Hồ Chí Minh,CT,2357,Xây dựng,2350
HFC,UPCOM,stock,listed,Công ty Cổ phần Xăng dầu HFC,CT,7573,Phân phối xăng dầu & khí đốt,7570
HFS,UPCOM,stock,listed,,,,,
HFT,UPCOM,stock,listed,,,,,
HFX,UPCOM,stock,listed,Công ty Cổ phần Sản xuất - Xuất nhập khẩu Thanh Hà,CT,5373,Bán lẻ phức hợp,5370
HGA,UPCOM,stock,listed,,,,,
HGC,UPCOM,stock,listed,,,,,
HGM,HNX,stock,listed,Công ty Cổ phần Cơ khí và Khoáng sản Hà Giang,CT,1775,Khai khoáng,1770
HGR,UPCOM,stock,listed,,,,,
HGT,UPCOM,stock,listed,Công ty Cổ phần Du lịch Hương Giang,CT,5759,Vận tải hành khách & Du lịch,5750
HGW,UPCOM,stock,listed,,,,,
HHA,UPCOM,stock,listed,,,,,
HHB,UPCOM,stock,listed,Công ty Cổ Phần Bia Hà Nội - Hồng Hà,CT,3533,Sản xuất bia,3530
HHC,HNX,stock,listed,Công ty Cổ phần Bánh kẹo Hải Hà,CT,3577,Thực phẩm,3570
HHG,UPCOM,stock,listed,Công ty Cổ phần Hoàng Hà,CT,5759,Vận tải hành khách & Du lịch,5750
HHN,UPCOM,stock,listed,Công ty Cổ phần Vận tải và Dịch vụ Hàng hóa Hà Nội,CT,2777,"Kho bãi, hậu cần và bảo dưỡng",2770
HHP,HOSE,stock,listed,Công ty Cổ phần HHP Global,CT,1737,Sản xuất giấy,1730
HHR,UPCOM,stock,listed,,,,,
HHS,HOSE,stock,listed,Công ty Cổ phần Đầu tư Dịch vụ Hoàng Huy,CT,3353,Sản xuất ô tô,3350
HHV,HOSE,stock,listed,Công ty Cổ phần Đầu tư Hạ tầng Giao thông Đèo Cả,CT,2357,Xây dựng,2350
HID,HOSE,stock,listed,Công ty Cổ phần Halcom Vietnam,CT,2357,Xây dựng,2350
HIG,UPCOM,stock,listed,,,,,
HII,HOSE,stock,listed,Công ty Cổ phần An Tiến Industries,CT,1353,"Nhựa, cao su & sợi",1350
HIO,UPCOM,stock,listed,Công ty Cổ Phần Helio Energy,CT,7535,Sản xuất & Phân phối Điện,7530
HIZ,UPCOM,stock,listed,,,,,
HJC,UPCOM,stock,listed,Công ty Cổ phần Hoà Việt,CT,3785,Thuốc lá,3780
HJS,HNX,stock,listed,Công ty Cổ phần Thủy điện Nậm Mu,CT,7535,Sản xuất & Phân phối Điện,7530
HKB,UPCOM,stock,listed,Công ty Cổ phần Nông nghiệp và Thực phẩm Hà Nội - Kinh Bắc,CT,3577,Thực phẩm,3570
HKC,UPCOM,stock,listed,,,,,
HKP,UPCOM,stock,listed,,,,,
HKT,HNX,stock,listed,Công ty Cổ phần QP Holdings,CT,3537,Đồ uống & giải khát,3530
HLA,UPCOM,stock,listed,Công ty Cổ phần Hữu Liên Á Châu,CT,1757,Thép và sản phẩm thép,1750
HLB,UPCOM,stock,listed,Công ty Cổ phần Bia và Nước giải khát Hạ Long,CT,3533,Sản xuất bia,3530
HLC,HNX,stock,listed,Công ty Cổ phần Than Hà Lầm - Vinacomin,CT,1771,Khai thác Than,1770
HLD,HNX,stock,listed,Công ty Cổ phần Đầu tư và Phát triển Bất động sản HUDLAND,CT,8633,Bất động sản,8630
HLE,UPCOM,stock,listed,,,,,
HLG,UPCOM,stock,listed,,,,,
HLO,UPCOM,stock,listed,Công Ty Cổ Phần Công Nghệ Ha Lô,CT,2733,Hàng điện & điện tử,2730
HLR,UPCOM,stock,listed,,,,,
HLS,UPCOM,stock,listed,Công ty Cổ phần Sứ kỹ thuật Hoàng Liên Sơn,CT,2733,Hàng điện & điện tử,2730
HLT,UPCOM,stock,listed,Công ty Cổ phần Dệt may Hoàng Thị Loan,CT,3763,Hàng May mặc,3760
HLY,UPCOM,stock,listed,Công ty Cổ phần Gốm xây dựng Yên Hưng,CT,2353,Vật liệu xây dựng & Nội thất,2350
HMC,HOSE,stock,listed,Công ty Cổ phần Kim khí Thành phố Hồ Chí Minh - VNSTEEL,CT,1757,Thép và sản phẩm thép,1750
HMD,UPCOM,stock,listed,Công ty Cổ phần Hóa chất Minh Đức,CT,1357,"Sản phẩm hóa dầu, Nông dược & Hóa chất khác",1350
HMG,UPCOM,stock,listed,Công ty Cổ phần Kim Khí Hà Nội - VNSTEEL,CT,1757,Thép và sản phẩm thép,1750
HMH,HNX,stock,listed,Công ty Cổ phần Hải Minh,CT,2779,Dịch vụ vận tải,2770
HMR,HNX,stock,listed,Công ty Cổ phần Đá Hoàng Mai,CT,2353,Vật liệu xây dựng & Nội thất,2350
HMS,UPCOM,stock,listed,Công ty Cổ phần Xây dựng Bảo tàng Hồ Chí Minh,CT,2357,Xây dựng,2350
HNA,HOSE,stock,listed,Công ty Cổ phần Thủy điện Hủa Na,CT,7535,Sản xuất & Phân phối Điện,7530
HNB,UPCOM,stock,listed,Công ty Cổ phần Bến xe Hà Nội,CT,2777,"Kho bãi, hậu cần và bảo dưỡng",2770
HND,UPCOM,stock,listed,Công ty Cổ phần Nhiệt điện Hải Phòng,CT,7535,Sản xuất & Phân phối Điện,7530
HNE,UPCOM,stock,listed,,,,,
HNF,UPCOM,stock,listed,Công ty Cổ phần Thực phẩm Hữu Nghị,CT,3577,Thực phẩm,3570
HNG,UPCOM,stock,listed,Công ty Cổ phần Nông nghiệp Quốc tế Hoàng Anh Gia Lai,CT,3573,Nuôi trồng nông & hải sản,3570
HNI,UPCOM,stock,listed,Công ty Cổ phần May Hữu Nghị,CT,3763,Hàng May mặc,3760
HNM,UPCOM,stock,listed,Công ty Cổ phần Sữa Hà Nội,CT,3577,Thực phẩm,3570
HNP,UPCOM,stock,listed,Công ty Cổ phần Hanel Xốp Nhựa,CT,1353,"Nhựa, cao su & sợi",1350
HNR,UPCOM,stock,listed,Công ty Cổ phần Rượu và Nước Giải Khát Hà Nội,CT,3535,Vang & Rượu mạnh,3530
HNS,UPCOM,stock,listed,,,,,
HNT,UPCOM,stock,listed,,,,,
HOM,HNX,stock,listed,Công ty Cổ phần Xi măng VICEM Hoàng Mai,CT,2353,Vật liệu xây dựng & Nội thất,2350
HOT,UPCOM,stock,listed,Công ty Cổ phần Du lịch - Dịch vụ Hội An,CT,5759,Vận tải hành khách & Du lịch,5750
HPA,HOSE,stock,listed,Công ty Cổ phần Phát triển Nông nghiệp Hoà Phát,CT,3573,Nuôi trồng nông & hải sản,3570
HPB,UPCOM,stock,listed,Công ty Cổ phần Bao bì PP,CT,2723,Containers & Đóng gói,2720
HPC,HNX,stock,listed,,,,,
HPD,UPCOM,stock,listed,Công ty Cổ phần Thủy điện Đăk Đoa,CT,7535,Sản xuất & Phân phối Điện,7530
HPG,HOSE,stock,listed,Công ty Cổ phần Tập đoàn Hòa Phát,CT,1757,Thép và sản phẩm thép,1750
HPH,UPCOM,stock,listed,Công ty Cổ phần Hóa Chất Hưng Phát Hà Bắc,CT,1357,"Sản phẩm hóa dầu, Nông dược & Hóa chất khác",1350
HPI,UPCOM,stock,listed,Công ty Cổ phần Khu công nghiệp Hiệp Phước,CT,8633,Bất động sản,8630
HPM,UPCOM,stock,listed,,,,,
HPO,UPCOM,stock,listed,Công ty Cổ phần Công nghiệp Hapulico,CT,2737,Thiết bị điện,2730
HPP,UPCOM,stock,listed,Công ty Cổ phần Sơn Hải Phòng,CT,2353,Vật liệu xây dựng & Nội thất,2350
HPR,HNX,stock,listed,,,,,
HPS,HNX,stock,listed,,,,,
HPT,UPCOM,stock,listed,Công ty Cổ phần Dịch vụ Công nghệ Tin học HPT,CT,9537,Phần mềm,9530
HPU,UPCOM,stock,listed,,,,,
HPW,UPCOM,stock,listed,Công ty Cổ phần Cấp nước Hải Phòng,CT,7577,Nước,7570
HPX,HOSE,stock,listed,Công ty Cổ phần Đầu tư Hải Phát,CT,8633,Bất động sản,8630
HQC,HOSE,stock,listed,Công ty Cổ phần Tư vấn - Thương mại - Dịch vụ Địa ốc Hoàng Quân,CT,8633,Bất động sản,8630
HRB,UPCOM,stock,listed,Công ty Cổ phần Harec Đầu tư và Thương Mại,CT,8633,Bất động sản,8630
HRC,HOSE,stock,listed,Công ty Cổ phần Cao su Hòa Bình,CT,1353,"Nhựa, cao su & sợi",1350
HRG,UPCOM,stock,listed,,,,,
HRT,UPCOM,stock,listed,,,,,
HSA,UPCOM,stock,listed,Công ty Cổ phần HESTIA,CT,2791,Tư vấn & Hỗ trợ KD,2790
HSC,HNX,stock,listed,,,,,
HSG,HOSE,stock,listed,Công ty Cổ phần Tập đoàn Hoa Sen,CT,1757,Thép và sản phẩm thép,1750
HSI,UPCOM,stock,listed,,,,,
HSL,HOSE,stock,listed,Công ty Cổ phần Đầu tư Phát triển Thực phẩm Hồng Hà,CT,3577,Thực phẩm,3570
HSM,UPCOM,stock,listed,Tổng Công ty Cổ phần Dệt May Hà Nội,CT,3763,Hàng May mặc,3760
HSP,UPCOM,stock,listed,Công ty Cổ phần Sơn Tổng hợp Hà Nội,CT,2353,Vật liệu xây dựng & Nội thất,2350
HST,HNX,stock,listed,,,,,
HSV,UPCOM,stock,listed,Công ty Cổ phần Tập đoàn HSV Việt Nam,CT,1757,Thép và sản phẩm thép,1750
HT1,HOSE,stock,listed,Công ty Cổ phần Xi măng VICEM Hà Tiên,CT,2353,Vật liệu xây dựng & Nội thất,2350
HT2,HOSE,stock,listed,,,,,
HT9,UPCOM,stock,listed,,,,,
HTB,HNX,stock,listed,,,,,
HTC,HNX,stock,listed,Công ty Cổ phần Thương mại Hóc Môn,CT,7573,Phân phối xăng dầu & khí đốt,7570
HTE,UPCOM,stock,listed,Công ty Cổ phần Đầu tư Kinh doanh Điện lực Thành phố Hồ Chí Minh,CT,2737,Thiết bị điện,2730
HTG,HOSE,stock,listed,Tổng Công ty Cổ phần Dệt may Hòa Thọ,CT,3763,Hàng May mặc,3760
HTH,UPCOM,stock,listed,,,,,
HTI,HOSE,stock,listed,Công ty Cổ phần Đầu tư Phát triển Hạ tầng IDICO,CT,2357,Xây dựng,2350
HTK,UPCOM,stock,listed,,,,,
HTL,HOSE,stock,listed,Công ty Cổ phần Kỹ thuật và Ô tô Trường Long,CT,3353,Sản xuất ô tô,3350
HTM,UPCOM,stock,listed,Tổng Công ty Thương mại Hà Nội – Công ty cổ phần,CT,5373,Bán lẻ phức hợp,5370
HTN,HOSE,stock,listed,Công ty Cổ phần Hưng Thịnh Incons,CT,8633,Bất động sản,8630
HTP,UPCOM,stock,listed,Công ty Cổ phần In Sách Giáo Khoa Hòa Phát,CT,5557,"Sách, ấn bản & sản phẩm văn hóa",5550
HTR,UPCOM,stock,listed,,,,,
HTT,UPCOM,stock,listed,Công ty Cổ phần Thương mại Hà Tây,CT,5373,Bán lẻ phức hợp,5370
HTU,UPCOM,stock,listed,,,,,
HTV,HOSE,stock,listed,Công ty Cổ phần Logistics Vicem,CT,2773,Vận tải Thủy,2770
HTW,UPCOM,stock,listed,,,,,
HU1,HOSE,stock,listed,Công ty Cổ phần Đầu tư và Xây dựng HUD1,CT,2357,Xây dựng,2350
HU3,UPCOM,stock,listed,Công ty Cổ phần Đầu tư và Xây dựng HUD3,CT,2357,Xây dựng,2350
HU4,UPCOM,stock,listed,Công ty Cổ phần Đầu tư và Xây dựng HUD4,CT,2357,Xây dựng,2350
HU6,UPCOM,stock,listed,Công ty Cổ phần Đầu tư Phát triển Nhà và Đô thị HUD6,CT,8633,Bất động sản,8630
HUB,HOSE,stock,listed,Công ty Cổ phần Xây lắp Thừa Thiên Huế,CT,2357,Xây dựng,2350
HUG,UPCOM,stock,listed,Tổng công ty May Hưng Yên - Công ty Cổ phần,CT,3763,Hàng May mặc,3760
HUT,HNX,stock,listed,Công ty Cổ phần Tasco,CT,3353,Sản xuất ô tô,3350
HUX,UPCOM,stock,listed,,,,,
HVA,UPCOM,stock,listed,Công ty Cổ phần Đầu tư HVA,CT,8775,Tài chính đặc biệt,8770
HVB,UPCOM,stock,listed,,,,,
HVG,UPCOM,stock,listed,,,,,
HVH,HOSE,stock,listed,Công ty Cổ phần Đầu tư và Công nghệ HVC,CT,2357,Xây dựng,2350
HVN,HOSE,stock,listed,Tổng Công ty Hàng không Việt Nam - CTCP,CT,5751,Dịch vụ hàng không,5750
HVT,HNX,stock,listed,Công ty Cổ phần Hóa chất Việt Trì,CT,1357,"Sản phẩm hóa dầu, Nông dược & Hóa chất khác",1350
HVX,UPCOM,stock,listed,Công ty Cổ phần Xi măng Vicem Hải Vân,CT,2353,Vật liệu xây dựng & Nội thất,2350
HWS,UPCOM,stock,listed,Công ty Cổ phần Cấp nước Huế,CT,7577,Nước,7570
I10,UPCOM,stock,listed,,,,,
IBC,UPCOM,stock,listed,,,,,
IBD,UPCOM,stock,listed,Công ty Cổ phần In Tổng hợp Bình Dương,CT,5557,"Sách, ấn bản & sản phẩm văn hóa",5550
IBN,UPCOM,stock,listed,,,,,
ICC,UPCOM,stock,listed,Công ty Cổ phần Xây dựng Công nghiệp,CT,2357,Xây dựng,2350
ICF,UPCOM,stock,listed,Công ty Cổ phần Đầu tư - Thương mại - Thuỷ sản,CT,3573,Nuôi trồng nông & hải sản,3570
ICG,HNX,stock,listed,Công ty Cổ phần Xây dựng Sông Hồng,CT,2357,Xây dựng,2350
ICI,UPCOM,stock,listed,Công ty Cổ phần Đầu tư và Xây dựng Công nghiệp,CT,2357,Xây dựng,2350
ICN,UPCOM,stock,listed,Công ty Cổ phần Đầu tư Xây dựng Dầu khí IDICO,CT,2357,Xây dựng,2350
ICS,UPCOM,stock,listed,,,,,
ICT,HOSE,stock,listed,Công ty Cổ phần Viễn thông - Tin học Bưu điện,CT,9537,Phần mềm,9530
IDC,HNX,stock,listed,Tổng Công ty IDICO - CTCP,CT,8633,Bất động sản,8630
IDI,HOSE,stock,listed,Công ty Cổ phần Đầu tư và Phát triển Đa Quốc Gia I.D.I,CT,3573,Nuôi trồng nông & hải sản,3570
IDJ,HNX,stock,listed,Công ty Cổ phần Đầu tư IDJ Việt Nam,CT,8633,Bất động sản,8630
IDN,UPCOM,stock,listed,,,,,
IDP,UPCOM,stock,listed,Công ty Cổ phần Sữa Quốc tế LOF,CT,3577,Thực phẩm,3570
IDV,HNX,stock,listed,Công ty Cổ phần Phát triển Hạ tầng Vĩnh Phúc,CT,8633,Bất động sản,8630
IED,UPCOM,stock,listed,,,,,
IFC,UPCOM,stock,listed,,,,,
IFS,UPCOM,stock,listed,Công ty Cổ phần Thực phẩm Quốc tế,CT,3537,Đồ uống & giải khát,3530
IHK,UPCOM,stock,listed,,,,,
IJC,HOSE,stock,listed,Công ty Cổ phần Phát triển Hạ tầng Kỹ thuật,CT,8633,Bất động sản,8630
IKH,UPCOM,stock,listed,,,,,
ILA,UPCOM,stock,listed,Công ty Cổ phần ILA,CT,2353,Vật liệu xây dựng & Nội thất,2350
ILB,HOSE,stock,listed,Công ty Cổ phần ICD Tân Cảng - Long Bình,CT,2777,"Kho bãi, hậu cần và bảo dưỡng",2770
ILC,UPCOM,stock,listed,Công ty Cổ phần Hợp tác lao động với nước ngoài,CT,2793,Đào tạo & Việc làm,2790
ILS,UPCOM,stock,listed,Công ty Cổ phần Đầu tư Thương mại và Dịch vụ Quốc tế,CT,2723,Containers & Đóng gói,2720
IME,UPCOM,stock,listed,Công ty Cổ phần Cơ khí và Xây lắp Công nghiệp,CT,2757,Máy công nghiệp,2750
IMI,UPCOM,stock,listed,,,,,
IMP,HOSE,stock,listed,Công ty Cổ phần Dược phẩm Imexpharm,CT,4577,Dược phẩm,4570
IN4,UPCOM,stock,listed,Công ty Cổ phần In số 4,CT,5557,"Sách, ấn bản & sản phẩm văn hóa",5550
IN7,UPCOM,stock,listed,,,,,
INC,HNX,stock,listed,Công ty Cổ phần Tư vấn Đầu tư IDICO,CT,2357,Xây dựng,2350
ING,UPCOM,stock,listed,,,,,
INN,HNX,stock,listed,Công ty Cổ phần Bao bì và In Nông nghiệp,CT,2723,Containers & Đóng gói,2720
IPA,HNX,stock,listed,Công ty Cổ phần Tập đoàn Đầu tư I.P.A,CT,2791,Tư vấn & Hỗ trợ KD,2790
IPH,UPCOM,stock,listed,,,,,
IRC,UPCOM,stock,listed,Công ty Cổ phần Cao su Công nghiệp,CT,1353,"Nhựa, cao su & sợi",1350
ISG,UPCOM,stock,listed,Công ty Cổ phần Vận tải biển và Hợp tác lao động Quốc Tế,CT,2773,Vận tải Thủy,2770
ISH,UPCOM,stock,listed,Công ty Cổ phần Thủy điện Srok Phu Miêng IDICO,CT,7535,Sản xuất & Phân phối Điện,7530
IST,UPCOM,stock,listed,Công ty Cổ phần ICD Tân Cảng Sóng Thần,CT,2777,"Kho bãi, hậu cần và bảo dưỡng",2770
ITA,UPCOM,stock,listed,Công ty Cổ phần Đầu tư và Công nghiệp Tân Tạo,CT,8633,Bất động sản,8630
ITC,HOSE,stock,listed,Công ty Cổ phần Đầu tư - Kinh doanh nhà,CT,8633,Bất động sản,8630
ITD,HOSE,stock,listed,Công ty Cổ phần Công nghệ ITD,CT,9537,Phần mềm,9530
ITQ,HNX,stock,listed,Công ty Cổ phần Tập đoàn Thiên Quang,CT,1757,Thép và sản phẩm thép,1750
ITS,UPCOM,stock,listed,"Công ty Cổ phần Đầu tư, Thương mại và Dịch vụ - Vinacomin",CT,2757,Máy công nghiệp,2750
IVS,HNX,stock,listed,Công ty Cổ phần Chứng khoán Guotai Haitong (Việt Nam),CK,8777,Môi giới chứng khoán,8770
JOS,UPCOM,stock,listed,Công ty Cổ phần Chế biến Thủy sản Xuất khẩu Minh Hải,CT,3573,Nuôi trồng nông & hải sản,3570
JVC,HOSE,stock,listed,Công ty Cổ phần Đầu tư và Phát triển Y tế Việt Nhật,CT,4535,Thiết bị y tế,4530
KAC,UPCOM,stock,listed,,,,,
KBC,HOSE,stock,listed,Tổng Công ty Phát triển Đô thị Kinh Bắc - CTCP,CT,8633,Bất động sản,8630
KBE,UPCOM,stock,listed,,,,,
KCB,UPCOM,stock,listed,Công ty Cổ phần Khoáng Sản và Luyện Kim Cao Bằng,CT,1775,Khai khoáng,1770
KCE,UPCOM,stock,listed,,,,,
KDC,HOSE,stock,listed,Công ty Cổ phần Tập đoàn KIDO,CT,3577,Thực phẩm,3570
KDF,UPCOM,stock,listed,,,,,
KDH,HOSE,stock,listed,Công ty Cổ phần Đầu tư và Kinh doanh nhà Khang Điền,CT,8633,Bất động sản,8630
KDM,HNX,stock,listed,Công ty Cổ phần Tập đoàn GCL,CT,2357,Xây dựng,2350
KGM,UPCOM,stock,listed,Công ty Cổ phần Xuất nhập khẩu Kiên Giang,CT,5373,Bán lẻ phức hợp,5370
KGU,UPCOM,stock,listed,,,,,
KHA,UPCOM,stock,listed,,,,,
KHB,UPCOM,stock,listed,,,,,
KHD,UPCOM,stock,listed,"Công ty Cổ phần Khai thác, Chế biến Khoáng sản Hải Dương",CT,1775,Khai khoáng,1770
KHG,HOSE,stock,listed,Công ty Cổ phần Tập đoàn Khải Hoàn Land,CT,8633,Bất động sản,8630
KHL,UPCOM,stock,listed,,,,,
KHP,HOSE,stock,listed,Công ty Cổ phần Điện lực Khánh Hòa,CT,7535,Sản xuất & Phân phối Điện,7530
KHS,HNX,stock,listed,Công ty Cổ phần Kiên Hùng,CT,3573,Nuôi trồng nông & hải sản,3570
KHW,UPCOM,stock,listed,Công ty Cổ phần Cấp thoát nước Khánh Hòa,CT,7577,Nước,7570
KHX,UPCOM,stock,listed,Công ty Cổ phần Phát hành sách Khánh Hoà,CT,5557,"Sách, ấn bản & sản phẩm văn hóa",5550
KIP,UPCOM,stock,listed,Công ty Cổ phần K.I.P Việt Nam,CT,2737,Thiết bị điện,2730
KKC,HNX,stock,listed,Công ty Cổ phần Tập đoàn Thành Thái,CT,1757,Thép và sản phẩm thép,1750
KLB,HOSE,stock,listed,Ngân hàng Thương mại Cổ phần Kiên Long,NH,8355,Ngân hàng,8350
KLF,UPCOM,stock,listed,,,,,
KLM,UPCOM,stock,listed,,,,,
KLS,HNX,stock,listed,,,,,
KMF,HNX,stock,listed,,,,,
KMR,HOSE,stock,listed,Công ty Cổ phần Mirae,CT,3763,Hàng May mặc,3760
KMT,HNX,stock,listed,Công ty Cổ phần Kim khí Miền Trung,CT,1757,Thép và sản phẩm thép,1750
KOS,HOSE,stock,listed,Công ty Cổ phần KOSY,CT,8633,Bất động sản,8630
KPC,UPCOM,stock,listed,,,,,
KPF,UPCOM,stock,listed,Công ty Cổ phần Đầu tư Tài sản KOJI,CT,2353,Vật liệu xây dựng & Nội thất,2350
KSA,UPCOM,stock,listed,,,,,
KSB,HOSE,stock,listed,Công ty Cổ phần Khoáng sản và Xây dựng Bình Dương,CT,2353,Vật liệu xây dựng & Nội thất,2350
KSC,UPCOM,stock,listed,,,,,
KSD,HNX,stock,listed,Công ty Cổ phần Đầu tư DNA,CT,3722,Đồ gia dụng lâu bền,3720
KSE,UPCOM,stock,listed,,,,,
KSF,HNX,stock,listed,Công ty Cổ phần Tập đoàn Sunshine,CT,8633,Bất động sản,8630
KSH,UPCOM,stock,listed,,,,,
KSK,UPCOM,stock,listed,,,,,
KSQ,UPCOM,stock,listed,Công ty Cổ phần CNC Capital Việt Nam,CT,2353,Vật liệu xây dựng & Nội thất,2350
KSS,UPCOM,stock,listed,,,,,
KST,HNX,stock,listed,Công ty Cổ phần KASATI,CT,9578,Thiết bị viễn thông,9570
KSV,HNX,stock,listed,Tổng Công ty Khoáng sản TKV - Công ty Cổ phần,CT,1775,Khai khoáng,1770
KTB,UPCOM,stock,listed,,,,,
KTC,UPCOM,stock,listed,Công ty Cổ phần Thương mại Kiên Giang,CT,3577,Thực phẩm,3570
KTL,UPCOM,stock,listed,Công ty Cổ phần Kim khí Thăng Long,CT,1757,Thép và sản phẩm thép,1750
KTS,HNX,stock,listed,Công ty Cổ phần Đường Kon Tum,CT,3577,Thực phẩm,3570
KTT,UPCOM,stock,listed,Công ty Cổ phần Tập đoàn Đầu tư KTT,CT,2357,Xây dựng,2350
KTU,UPCOM,stock,listed,,,,,
KTW,UPCOM,stock,listed,,,,,
KVC,UPCOM,stock,listed,Công ty Cổ phần Sản xuất Xuất nhập khẩu Inox Kim Vĩ,CT,1757,Thép và sản phẩm thép,1750
KWA,UPCOM,stock,listed,,,,,
L10,HOSE,stock,listed,Công ty Cổ phần Lilama 10,CT,2757,Máy công nghiệp,2750
L12,UPCOM,stock,listed,Công ty Cổ phần Licogi 12,CT,2357,Xây dựng,2350
L14,HNX,stock,listed,Công ty Cổ phần Licogi 14,CT,2357,Xây dựng,2350
L18,HNX,stock,listed,Công ty Cổ phần Đầu tư và Xây dựng số 18,CT,2357,Xây dựng,2350
L35,UPCOM,stock,listed,Công ty Cổ phần Cơ khí Lắp máy Lilama,CT,2757,Máy công nghiệp,2750
L40,HNX,stock,listed,Công ty Cổ phần Đầu tư và Xây dựng 40,CT,2357,Xây dựng,2350
L43,UPCOM,stock,listed,Công ty Cổ phần Lilama 45.3,CT,2357,Xây dựng,2350
L44,UPCOM,stock,listed,,,,,
L45,UPCOM,stock,listed,Công ty Cổ phần Lilama 45.1,CT,2357,Xây dựng,2350
L61,UPCOM,stock,listed,Công ty Cổ phần Lilama 69-1,CT,2757,Máy công nghiệp,2750
L62,UPCOM,stock,listed,Công ty Cổ phần Lilama 69 - 2,CT,2757,Máy công nghiệp,2750
L63,UPCOM,stock,listed,Công ty Cổ phần Lilama 69-3,CT,2757,Máy công nghiệp,2750
LAF,HOSE,stock,listed,Công ty Cổ phần Chế biến Hàng Xuất khẩu Long An,CT,3577,Thực phẩm,3570
LAI,UPCOM,stock,listed,Công ty Cổ phần Đầu tư Xây dựng Long An IDICO,CT,2357,Xây dựng,2350
LAS,HNX,stock,listed,Công ty Cổ phần Supe Phốt phát và Hóa chất Lâm Thao,CT,1357,"Sản phẩm hóa dầu, Nông dược & Hóa chất khác",1350
LAW,UPCOM,stock,listed,Công ty Cổ phần Cấp thoát nước Long An,CT,7577,Nước,7570
LBC,UPCOM,stock,listed,,,,,
LBE,HNX,stock,listed,Công ty Cổ phần Thương mại và Dịch vụ LVA,CT,3767,Hàng cá nhân,3760
LBM,HOSE,stock,listed,Công ty Cổ phần Khoáng sản và Vật liệu xây dựng Lâm Đồng,CT,2353,Vật liệu xây dựng & Nội thất,2350
LCC,UPCOM,stock,listed,,,,,
LCD,HNX,stock,listed,Công ty Cổ phần Lắp máy - Thí nghiệm cơ điện,CT,2357,Xây dựng,2350
LCG,HOSE,stock,listed,Công ty Cổ phần Lizen,CT,2357,Xây dựng,2350
LCM,UPCOM,stock,listed,Công ty Cổ phần Khai thác và Chế biến Khoáng sản Lào Cai,CT,1775,Khai khoáng,1770
LCS,UPCOM,stock,listed,,,,,
LCW,UPCOM,stock,listed,,,,,
LDG,HOSE,stock,listed,Công ty Cổ phần Đầu tư LDG,CT,8633,Bất động sản,8630
LDP,HNX,stock,listed,Công ty Cổ phần Dược Lâm Đồng - Ladophar,CT,4577,Dược phẩm,4570
LDU,UPCOM,stock,listed,,,,,
LDW,UPCOM,stock,listed,Công ty Cổ phần Cấp thoát nước Lâm Đồng,CT,7577,Nước,7570
LEC,UPCOM,stock,listed,Công ty Cổ phần Bất động sản Điện lực Miền Trung,CT,8633,Bất động sản,8630
LG9,UPCOM,stock,listed,Công ty Cổ phần Cơ giới và Xây lắp số 9,CT,2357,Xây dựng,2350
LGC,HOSE,stock,listed,Công ty Cổ phần Đầu tư Cầu đường CII,CT,2357,Xây dựng,2350
LGL,HOSE,stock,listed,Công ty Cổ phần Đầu tư và Phát triển Đô thị Long Giang,CT,8633,Bất động sản,8630
LGM,UPCOM,stock,listed,,,,,
LHC,HNX,stock,listed,Công ty Cổ phần Đầu tư và Xây dựng Thủy lợi Lâm Đồng,CT,2357,Xây dựng,2350
LHG,HOSE,stock,listed,Công ty Cổ phần Long Hậu,CT,8633,Bất động sản,8630
LIC,UPCOM,stock,listed,Tổng Công ty LICOGI - Công ty Cổ phần,CT,2353,Vật liệu xây dựng & Nội thất,2350
LIF,UPCOM,stock,listed,,,,,
LIG,HNX,stock,listed,Công ty Cổ phần Licogi 13,CT,2357,Xây dựng,2350
LIX,HOSE,stock,listed,Công ty Cổ phần Bột Giặt LIX,CT,3767,Hàng cá nhân,3760
LKW,UPCOM,stock,listed,Công ty Cổ phần Cấp nước Long Khánh,CT,7577,Nước,7570
LLM,UPCOM,stock,listed,Tổng Công ty lắp máy Việt Nam - Công ty Cổ phần,CT,2757,Máy công nghiệp,2750
LM3,UPCOM,stock,listed,Công ty Cổ phần Lilama 3,CT,2357,Xây dựng,2350
LM7,UPCOM,stock,listed,Công ty Cổ phần Lilama 7,CT,2757,Máy công nghiệp,2750
LM8,HOSE,stock,listed,Công ty Cổ phần Lilama 18,CT,2357,Xây dựng,2350
LMC,UPCOM,stock,listed,Công ty Cổ phần LUMI Holdings,CT,1775,Khai khoáng,1770
LMH,UPCOM,stock,listed,Công ty Cổ phần Quốc Tế Holding,CT,8633,Bất động sản,8630
LMI,UPCOM,stock,listed,Công ty Cổ phần Đầu tư Xây dựng Lắp máy IDICO,CT,2757,Máy công nghiệp,2750
LNC,UPCOM,stock,listed,Công ty Cổ phần Lệ Ninh,CT,1353,"Nhựa, cao su & sợi",1350
LO5,UPCOM,stock,listed,Công ty Cổ phần Lilama 5,CT,2757,Máy công nghiệp,2750
LPB,HOSE,stock,listed,Ngân hàng Thương mại Cổ phần Lộc Phát Việt Nam,NH,8355,Ngân hàng,8350
LPS,HOSE,stock,listed,Công ty Cổ phần Chứng khoán LPS,CK,8777,Môi giới chứng khoán,8770
LPT,UPCOM,stock,listed,Công ty Cổ phần Thương mại và Sản xuất Lập Phương Thành,CT,2793,Đào tạo & Việc làm,2790
LQN,UPCOM,stock,listed,Công ty Cổ phần Licogi Quảng Ngãi,CT,2357,Xây dựng,2350
LSG,UPCOM,stock,listed,Công ty Cổ phần Bất động sản Sài Gòn Vi na,CT,8633,Bất động sản,8630
LSS,HOSE,stock,listed,Công ty Cổ phần Mía đường Lam Sơn,CT,3577,Thực phẩm,3570
LTC,UPCOM,stock,listed,Công ty Cổ phần Điện nhẹ Viễn Thông,CT,9572,Phần cứng,9570
LTG,UPCOM,stock,listed,,,,,
LUT,UPCOM,stock,listed,Công ty Cổ phần Đầu tư Xây dựng Lương Tài,CT,2357,Xây dựng,2350
LWS,UPCOM,stock,listed,,,,,
LYF,UPCOM,stock,listed,,,,,
M10,UPCOM,stock,listed,Tổng công ty May 10 - Công ty Cổ phần,CT,3763,Hàng May mặc,3760
M26,HNX,stock,listed,,,,,
MA1,UPCOM,stock,listed,Công ty Cổ phần Thiết bị,CT,8633,Bất động sản,8630
MAC,HNX,stock,listed,Công ty Cổ phần Tập đoàn Macstar,CT,2753,Xe tải & Đóng tàu,2750
MAI,UPCOM,stock,listed,,,,,
MAS,HNX,stock,listed,Công ty cổ phần Dịch vụ Hàng Không Sân Bay Đà Nẵng,CT,5759,Vận tải hành khách & Du lịch,5750
MBB,HOSE,stock,listed,Ngân hàng Thương mại Cổ phần Quân đội,NH,8355,Ngân hàng,8350
MBG,HNX,stock,listed,Công ty Cổ phần Tập đoàn MBG,CT,2353,Vật liệu xây dựng & Nội thất,2350
MBN,UPCOM,stock,listed,Công ty Cổ phần Môi trường và Công trình đô thị Bắc Ninh,CT,2799,Chất thải & Môi trường,2790
MBS,HNX,stock,listed,Công ty Cổ phần Chứng khoán MB,CK,8777,Môi giới chứng khoán,8770
MBT,UPCOM,stock,listed,Công ty Cổ phần Bất động sản cho thuê Minh Bảo Tín,CT,8633,Bất động sản,8630
MC3,UPCOM,stock,listed,,,,,
MCC,HNX,stock,listed,Công ty Cổ phần Gạch ngói cao cấp,CT,2353,Vật liệu xây dựng & Nội thất,2350
MCD,UPCOM,stock,listed,,,,,
MCF,HNX,stock,listed,Công ty Cổ phần Xây lắp Cơ khí và Lương thực Thực phẩm,CT,3577,Thực phẩm,3570
MCG,UPCOM,stock,listed,Công ty Cổ phần Năng lượng và Bất động sản MCG,CT,2357,Xây dựng,2350
MCH,HOSE,stock,listed,Công ty Cổ phần Hàng Tiêu Dùng MaSan,CT,3577,Thực phẩm,3570
MCI,UPCOM,stock,listed,,,,,
MCM,HOSE,stock,listed,Công ty Cổ phần Giống bò sữa Mộc Châu,CT,3577,Thực phẩm,3570
MCO,HNX,stock,listed,Công ty Cổ phần Đầu tư và Xây dựng BDC Việt Nam,CT,2357,Xây dựng,2350
MCP,HOSE,stock,listed,Công ty Cổ phần In và Bao bì Mỹ Châu,CT,2723,Containers & Đóng gói,2720
MCT,UPCOM,stock,listed,,,,,
MDA,UPCOM,stock,listed,Công ty Cổ phần Môi trường Đô thị Đông Anh,CT,2799,Chất thải & Môi trường,2790
MDC,HNX,stock,listed,Công ty Cổ phần Than Mông Dương - Vinacomin,CT,1771,Khai thác Than,1770
MDF,UPCOM,stock,listed,Công ty Cổ phần Gỗ MDF VRG - Quảng Trị,CT,1733,Lâm sản và Chế biến gỗ,1730
MDG,HOSE,stock,listed,Công ty Cổ phần Miền Đông,CT,2353,Vật liệu xây dựng & Nội thất,2350
MDN,UPCOM,stock,listed,,,,,
MDT,UPCOM,stock,listed,,,,,
MEC,UPCOM,stock,listed,Công ty Cổ phần Cơ khí - Lắp máy Sông Đà,CT,2357,Xây dựng,2350
MED,HNX,stock,listed,Công ty Cổ phần Dược Trung ương Mediplantex,CT,4577,Dược phẩm,4570
MEF,UPCOM,stock,listed,Công ty Cổ phần MEINFA,CT,4537,Dụng cụ y tế,4530
MEG,UPCOM,stock,listed,,,,,
MEL,HNX,stock,listed,Công ty Cổ phần Thép Mê Lin,CT,1757,Thép và sản phẩm thép,1750
MES,UPCOM,stock,listed,Công ty Cổ phần Cơ điện Công trình,CT,2357,Xây dựng,2350
MEY,UPCOM,stock,listed,,,,,
MFS,UPCOM,stock,listed,Công ty Cổ phần Dịch vụ kỹ thuật Mobifone,CT,6575,Viễn thông di động,6570
MGC,UPCOM,stock,listed,Công ty Cổ phần Địa chất mỏ - TKV,CT,1775,Khai khoáng,1770
MGG,UPCOM,stock,listed,Tổng Công ty Đức Giang - Công ty Cổ phần,CT,3763,Hàng May mặc,3760
MGR,UPCOM,stock,listed,Công ty cổ phần Tập đoàn MGROUP,CT,8633,Bất động sản,8630
MH3,UPCOM,stock,listed,Công ty Cổ phần Khu công nghiệp Cao su Bình Long,CT,8633,Bất động sản,8630
MHC,HOSE,stock,listed,Công ty Cổ phần MHC,CT,2779,Dịch vụ vận tải,2770
MHL,UPCOM,stock,listed,Công ty Cổ phần Minh Hữu Liên,CT,1757,Thép và sản phẩm thép,1750
MHP,UPCOM,stock,listed,,,,,
MHY,UPCOM,stock,listed,,,,,
MIC,HNX,stock,listed,Công ty Cổ phần Kỹ nghệ Khoáng sản Quảng Nam,CT,1775,Khai khoáng,1770
MIE,UPCOM,stock,listed,Tổng Công ty Máy và Thiết bị Công nghiệp - CTCP,CT,2757,Máy công nghiệp,2750
MIG,HOSE,stock,listed,Tổng Công ty Cổ phần Bảo hiểm Quân đội,BH,8536,Bảo hiểm phi nhân thọ,8530
MIM,UPCOM,stock,listed,,,,,
MKP,UPCOM,stock,listed,Công ty Cổ phần Hóa - Dược phẩm Mekophar,CT,4577,Dược phẩm,4570
MKT,UPCOM,stock,listed,,,,,
MKV,HNX,stock,listed,Công ty Cổ phần Dược Thú Y Cai Lậy,CT,4577,Dược phẩm,4570
MLC,UPCOM,stock,listed,Công ty Cổ phần Môi trường Đô thị Tỉnh Lào Cai,CT,2799,Chất thải & Môi trường,2790
MLN,UPCOM,stock,listed,,,,,
MLS,UPCOM,stock,listed,Công ty Cổ phần Chăn nuôi - Mitraco,CT,3573,Nuôi trồng nông & hải sản,3570
MMC,UPCOM,stock,listed,,,,,
MML,UPCOM,stock,listed,Công ty Cổ phần Masan MEATLife,CT,3577,Thực phẩm,3570
MNB,UPCOM,stock,listed,Tổng Công ty May Nhà Bè - Công ty Cổ phần,CT,3763,Hàng May mặc,3760
MNC,HNX,stock,listed,,,,,
MND,UPCOM,stock,listed,Công ty Cổ phần Môi trường Nam Định,CT,2799,Chất thải & Môi trường,2790
MPC,UPCOM,stock,listed,Công ty Cổ phần Tập đoàn Thủy sản Minh Phú,CT,3573,Nuôi trồng nông & hải sản,3570
MPT,UPCOM,stock,listed,Công ty Cổ phần Tập đoàn MPT,CT,3763,Hàng May mặc,3760
MPY,UPCOM,stock,listed,Công ty Cổ phần Môi trường đô thị Phú Yên,CT,2799,Chất thải & Môi trường,2790
MQB,UPCOM,stock,listed,Công ty Cổ phần Môi trường và Phát triển đô thị Quảng Bình,CT,2799,Chất thải & Môi trường,2790
MQN,UPCOM,stock,listed,Công ty Cổ phần Môi trường đô thị Quảng Ngãi,CT,2799,Chất thải & Môi trường,2790
MRF,UPCOM,stock,listed,Công ty Cổ phần MERUFA,CT,4535,Thiết bị y tế,4530
MSB,HOSE,stock,listed,Ngân hàng Thương mại Cổ phần Hàng Hải Việt Nam,NH,8355,Ngân hàng,8350
MSC,HNX,stock,listed,,,,,
MSH,HOSE,stock,listed,Công ty Cổ phần May Sông Hồng,CT,3763,Hàng May mặc,3760
MSN,HOSE,stock,listed,Công ty Cổ phần Tập đoàn Masan,CT,3577,Thực phẩm,3570
MSR,UPCOM,stock,listed,Công ty Cổ phần Masan High-Tech Materials,CT,1775,Khai khoáng,1770
MST,HNX,stock,listed,Công ty Cổ phần Đầu tư MST,CT,2357,Xây dựng,2350
MT9,UPCOM,stock,listed,,,,,
MTA,UPCOM,stock,listed,Tổng Công ty Khoáng sản và Thương mại Hà Tĩnh - Công ty Cổ phần,CT,1775,Khai khoáng,1770
MTB,UPCOM,stock,listed,Công ty Cổ phần Môi trường và Công trình đô thị tỉnh Thái Bình,CT,2799,Chất thải & Môi trường,2790
MTC,UPCOM,stock,listed,,,,,
MTG,UPCOM,stock,listed,Công ty Cổ phần MT Gas,CT,7573,Phân phối xăng dầu & khí đốt,7570
MTH,UPCOM,stock,listed,Công ty Cổ phần Môi trường Đô thị Hà Đông,CT,2799,Chất thải & Môi trường,2790
MTL,UPCOM,stock,listed,Công ty Cổ phần Dịch vụ Môi trường Đô thị Từ Liêm,CT,2799,Chất thải & Môi trường,2790
MTM,UPCOM,stock,listed,,,,,
MTP,UPCOM,stock,listed,Công ty Cổ phần Dược Medipharco,CT,4577,Dược phẩm,4570
MTS,UPCOM,stock,listed,Công ty Cổ phần Vật tư - TKV,CT,2797,Nhà cung cấp thiết bị,2790
MTV,UPCOM,stock,listed,Công ty Cổ phần Dịch vụ Môi trường và Công trình Đô thị Vũng Tàu,CT,2799,Chất thải & Môi trường,2790
MTX,UPCOM,stock,listed,,,,,
MVB,HNX,stock,listed,Tổng Công ty Công nghiệp mỏ Việt Bắc TKV - Công ty Cổ phần,CT,1775,Khai khoáng,1770
MVC,UPCOM,stock,listed,Công ty Cổ phần Vật liệu và Xây dựng Bình Dương,CT,2353,Vật liệu xây dựng & Nội thất,2350
MVN,UPCOM,stock,listed,Tổng Công ty Hàng hải Việt Nam - CTCP,CT,2773,Vận tải Thủy,2770
MVY,UPCOM,stock,listed,,,,,
MWG,HOSE,stock,listed,Công ty Cổ phần Đầu tư Thế Giới Di Động,CT,5379,Phân phối hàng chuyên dụng,5370
MXC,UPCOM,stock,listed,,,,,
MZG,HOSE,stock,listed,Công ty Cổ Phần Miza,CT,1737,Sản xuất giấy,1730
NAB,HOSE,stock,listed,Ngân hàng Thương mại Cổ phần Nam Á,NH,8355,Ngân hàng,8350
NAC,UPCOM,stock,listed,Công ty Cổ phần Tư vấn Xây dựng Tổng hợp,CT,2357,Xây dựng,2350
NAF,HOSE,stock,listed,Công ty Cổ phần Nafoods Group,CT,3537,Đồ uống & giải khát,3530
NAG,HNX,stock,listed,Công ty Cổ phần Tập đoàn Nagakawa,CT,2733,Hàng điện & điện tử,2730
NAP,HNX,stock,listed,Công ty Cổ phần Cảng Nghệ Tĩnh,CT,2777,"Kho bãi, hậu cần và bảo dưỡng",2770
NAS,UPCOM,stock,listed,Công ty Cổ phần Dịch vụ Hàng không Sân bay Việt Nam,CT,2777,"Kho bãi, hậu cần và bảo dưỡng",2770
NAU,UPCOM,stock,listed,Công ty Cổ phần Môi trường và Công trình Đô thị Nghệ An,CT,2799,Chất thải & Môi trường,2790
NAV,HOSE,stock,listed,Công ty Cổ phần Nam Việt,CT,2353,Vật liệu xây dựng & Nội thất,2350
NAW,UPCOM,stock,listed,Công ty Cổ phần Cấp nước Nghệ An,CT,7577,Nước,7570
NBB,HOSE,stock,listed,Công ty Cổ phần Đầu tư Năm Bảy Bảy,CT,8633,Bất động sản,8630
NBC,HNX,stock,listed,Công ty Cổ phần Than Núi Béo - Vinacomin,CT,1771,Khai thác Than,1770
NBE,UPCOM,stock,listed,Công ty Cổ phần Sách và Thiết bị Giáo dục Miền Bắc,CT,5557,"Sách, ấn bản & sản phẩm văn hóa",5550
NBP,HNX,stock,listed,Công ty Cổ phần Nhiệt Điện Ninh Bình,CT,7535,Sản xuất & Phân phối Điện,7530
NBR,UPCOM,stock,listed,,,,,
NBS,UPCOM,stock,listed,,,,,
NBT,UPCOM,stock,listed,Công ty Cổ phần Cấp thoát nước Bến Tre,CT,7577,Nước,7570
NBW,HNX,stock,listed,Công ty Cổ phần Cấp nước Nhà Bè,CT,7577,Nước,7570
NCG,UPCOM,stock,listed,Công ty Cổ phần Đầu tư Anova Agri,CT,3573,Nuôi trồng nông & hải sản,3570
NCP,UPCOM,stock,listed,,,,,
NCS,UPCOM,stock,listed,Công ty Cổ phần Suất ăn Hàng không Nội Bài,CT,3577,Thực phẩm,3570
NCT,HOSE,stock,listed,Công ty Cổ phần Dịch vụ Hàng hóa Nội Bài,CT,2777,"Kho bãi, hậu cần và bảo dưỡng",2770
ND2,UPCOM,stock,listed,Công ty Cổ phần Đầu tư và Phát triển điện Miền Bắc 2,CT,7535,Sản xuất & Phân phối Điện,7530
NDC,UPCOM,stock,listed,Công ty Cổ phần Nam Dược,CT,4577,Dược phẩm,4570
NDF,UPCOM,stock,listed,Công ty Cổ phần Chế biến thực phẩm nông sản xuất khẩu Nam Định,CT,3577,Thực phẩm,3570
NDN,HNX,stock,listed,Công ty Cổ phần Đầu tư Phát triển Nhà Đà Nẵng,CT,8633,Bất động sản,8630
NDP,UPCOM,stock,listed,Công ty Cổ phần Dược phẩm 2/9,CT,4577,Dược phẩm,4570
NDT,UPCOM,stock,listed,Tổng Công ty Cổ phần Dệt may Nam Định,CT,3763,Hàng May mặc,3760
NDW,UPCOM,stock,listed,Công ty Cổ phần Cấp nước Nam Định,CT,7577,Nước,7570
NDX,HNX,stock,listed,Công ty Cổ phần Xây lắp Phát triển Nhà Đà Nẵng,CT,2357,Xây dựng,2350
NED,UPCOM,stock,listed,Công ty Cổ phần Đầu tư và Phát triển Điện Tây Bắc,CT,2357,Xây dựng,2350
NEM,UPCOM,stock,listed,,,,,
NET,HNX,stock,listed,Công ty Cổ phần Bột giặt Net,CT,3767,Hàng cá nhân,3760
NFC,HNX,stock,listed,Công ty Cổ phần Phân lân Ninh Bình,CT,1357,"Sản phẩm hóa dầu, Nông dược & Hóa chất khác",1350
NGC,UPCOM,stock,listed,Công ty Cổ phần Chế biến Thủy sản Xuất khẩu Ngô Quyền,CT,3573,Nuôi trồng nông & hải sản,3570
NHA,HOSE,stock,listed,Tổng Công ty Đầu tư Phát triển Nhà và Đô thị Nam Hà Nội,CT,2357,Xây dựng,2350
NHC,HNX,stock,listed,Công ty Cổ phần Gạch ngói Nhị Hiệp,CT,2353,Vật liệu xây dựng & Nội thất,2350
NHD,UPCOM,stock,listed,Công ty Cổ phần Dược phẩm Nam Hà,CT,4577,Dược phẩm,4570
NHH,HOSE,stock,listed,Công ty Cổ phần Nhựa Hà Nội,CT,1353,"Nhựa, cao su & sợi",1350
NHN,UPCOM,stock,listed,,,,,
NHP,UPCOM,stock,listed,,,,,
NHS,HOSE,stock,listed,,,,,
NHT,HOSE,stock,listed,Công ty Cổ phần Sản xuất và Thương mại Nam Hoa,CT,3747,Đồ chơi,3740
NHV,UPCOM,stock,listed,Công ty Cổ phần Sức khỏe Hồi sinh Việt Nam,CT,1755,Kim Loại màu,1750
NJC,UPCOM,stock,listed,Công ty Cổ phần May Nam Định,CT,3763,Hàng May mặc,3760
NKD,HOSE,stock,listed,,,,,
NKG,HOSE,stock,listed,Công ty Cổ phần Thép Nam Kim,CT,1757,Thép và sản phẩm thép,1750
NLC,HNX,stock,listed,,,,,
NLG,HOSE,stock,listed,Công ty Cổ phần Đầu tư Nam Long,CT,8633,Bất động sản,8630
NLS,UPCOM,stock,listed,Công ty Cổ phần Cấp thoát nước Lạng Sơn,CT,7577,Nước,7570
NMK,UPCOM,stock,listed,,,,,
NNB,UPCOM,stock,listed,,,,,
NNC,HOSE,stock,listed,Công ty Cổ phần Đá Núi Nhỏ,CT,2353,Vật liệu xây dựng & Nội thất,2350
NNG,UPCOM,stock,listed,,,,,
NNQ,UPCOM,stock,listed,,,,,
NNT,UPCOM,stock,listed,Công ty Cổ phần Cấp nước Ninh Thuận,CT,7577,Nước,7570
NO1,HOSE,stock,listed,Công ty Cổ phần Tập đoàn 911,CT,2757,Máy công nghiệp,2750
NOS,UPCOM,stock,listed,Công ty Cổ phần Vận tải Biển và Thương mại Phương Đông,CT,2773,Vận tải Thủy,2770
NPH,UPCOM,stock,listed,,,,,
NPS,UPCOM,stock,listed,,,,,
NQB,UPCOM,stock,listed,Công ty Cổ phần Cấp nước Quảng Bình,CT,7577,Nước,7570
NQN,UPCOM,stock,listed,Công ty Cổ phần Nước sạch Quảng Ninh,CT,7577,Nước,7570
NQT,UPCOM,stock,listed,,,,,
NRC,HNX,stock,listed,Công ty Cổ phần Tập đoàn Bất động sản Quốc gia,CT,8633,Bất động sản,8630
NS2,UPCOM,stock,listed,,,,,
NS3,UPCOM,stock,listed,,,,,
NSC,HOSE,stock,listed,Công ty Cổ phần Tập đoàn Giống cây trồng Việt Nam,CT,3573,Nuôi trồng nông & hải sản,3570
NSG,UPCOM,stock,listed,Công ty Cổ phần Nhựa Sài Gòn,CT,1353,"Nhựa, cao su & sợi",1350
NSH,HNX,stock,listed,Công ty Cổ phần Tập đoàn Nhôm Sông Hồng Shalumi,CT,1753,Nhôm,1750
NSL,UPCOM,stock,listed,Công ty Cổ phần Cấp nước Sơn La,CT,7577,Nước,7570
NSS,UPCOM,stock,listed,Công ty Cổ phần Nông súc sản Đồng Nai,CT,3573,Nuôi trồng nông & hải sản,3570
NST,HNX,stock,listed,Công ty Cổ phần Ngân Sơn,CT,3785,Thuốc lá,3780
NT2,HOSE,stock,listed,Công ty Cổ phần Điện lực Dầu khí Nhơn Trạch 2,CT,7535,Sản xuất & Phân phối Điện,7530
NTB,UPCOM,stock,listed,,,,,
NTC,HOSE,stock,listed,Công ty Cổ phần Khu Công nghiệp Nam Tân Uyên,CT,8633,Bất động sản,8630
NTF,UPCOM,stock,listed,Công ty Cổ phần Dược - Vật tư y tế Nghệ An,CT,4577,Dược phẩm,4570
NTH,HNX,stock,listed,Công ty Cổ phần Thủy điện Nước Trong,CT,7535,Sản xuất & Phân phối Điện,7530
NTL,HOSE,stock,listed,Công ty Cổ phần Phát triển Đô thị Từ Liêm,CT,8633,Bất động sản,8630
NTP,HNX,stock,listed,Công ty Cổ phần Nhựa Thiếu niên Tiền Phong,CT,2353,Vật liệu xây dựng & Nội thất,2350
NTR,UPCOM,stock,listed,,,,,
NTT,UPCOM,stock,listed,Công ty Cổ phần Dệt - May Nha Trang,CT,3763,Hàng May mặc,3760
NTW,UPCOM,stock,listed,Công ty Cổ phần Cấp nước Nhơn Trạch,CT,7577,Nước,7570
NUE,UPCOM,stock,listed,Công ty Cổ phần Môi trường Đô thị Nha Trang,CT,2799,Chất thải & Môi trường,2790
NVB,HNX,stock,listed,Ngân hàng Thương mại Cổ phần Quốc Dân,NH,8355,Ngân hàng,8350
NVL,HOSE,stock,listed,Công ty Cổ phần Tập đoàn Đầu tư Địa ốc No Va,CT,8633,Bất động sản,8630
NVP,UPCOM,stock,listed,Công ty Cổ phần Nước sạch Vĩnh Phúc,CT,7577,Nước,7570
NVT,HOSE,stock,listed,Công ty Cổ phần Bất động sản Du lịch Ninh Vân Bay,CT,8633,Bất động sản,8630
NWT,UPCOM,stock,listed,Công ty Cổ phần Vận tải Newway,CT,5759,Vận tải hành khách & Du lịch,5750
NXT,UPCOM,stock,listed,Công ty Cổ phần Sản xuất và Cung ứng vật liệu xây dựng Kon Tum,CT,2353,Vật liệu xây dựng & Nội thất,2350
OCB,HOSE,stock,listed,Ngân hàng Thương mại Cổ phần Phương Đông,NH,8355,Ngân hàng,8350
OCH,HNX,stock,listed,Công ty Cổ phần One Capital Hospitality,CT,3577,Thực phẩm,3570
ODE,UPCOM,stock,listed,Công ty cổ phần Tập đoàn Truyền thông và Giải trí ODE,CT,5553,Giải trí & Truyền thông,5550
OGC,HOSE,stock,listed,Công ty Cổ phần Tập đoàn Đại Dương,CT,8775,Tài chính đặc biệt,8770
OIL,UPCOM,stock,listed,Tổng Công ty Dầu Việt Nam - Công ty Cổ phần,CT,0533,Sản xuất và Khai thác dầu khí,0530
ONE,HNX,stock,listed,Công ty Cổ phần Công nghệ ONE,CT,9572,Phần cứng,9570
ONW,UPCOM,stock,listed,Công ty Cổ phần Tập đoàn ONW,CT,5755,Dịch vụ giải trí,5750
OPC,HOSE,stock,listed,Công ty Cổ phần Dược Phẩm OPC,CT,4577,Dược phẩm,4570
ORS,HOSE,stock,listed,Công ty Cổ phần Chứng khoán Tiên Phong,CK,8777,Môi giới chứng khoán,8770
PAC,HOSE,stock,listed,Công ty Cổ phần Pin Ắc quy Miền Nam,CT,2733,Hàng điện & điện tử,2730
PAI,UPCOM,stock,listed,"Công ty Cổ phần Công nghê thông tin, Viễn thông và Tự động hóa Dầu khí",CT,6535,Viễn thông cố định,6530
PAN,HOSE,stock,listed,Công ty Cổ phần Tập đoàn PAN,CT,3577,Thực phẩm,3570
PAP,UPCOM,stock,listed,Công ty Cổ phần Dầu khí đầu tư khai thác Cảng Phước An,CT,2777,"Kho bãi, hậu cần và bảo dưỡng",2770
PAS,UPCOM,stock,listed,Công ty Cổ phần Quốc tế Phương Anh,CT,1757,Thép và sản phẩm thép,1750
PAT,UPCOM,stock,listed,Công ty Cổ phần Phốt pho Apatit Việt Nam,CT,1357,"Sản phẩm hóa dầu, Nông dược & Hóa chất khác",1350
PBC,UPCOM,stock,listed,Công ty Cổ phần Dược Phẩm Trung ương 1 - Pharbaco,CT,4577,Dược phẩm,4570
PBK,UPCOM,stock,listed,,,,,
PBP,HNX,stock,listed,Công ty Cổ phần Bao bì Dầu khí Việt Nam,CT,2723,Containers & Đóng gói,2720
PBT,UPCOM,stock,listed,Công ty Cổ Phần Bao bì và Thương mại Dầu khí Bình Sơn,CT,2723,Containers & Đóng gói,2720
PC1,HOSE,stock,listed,Công ty Cổ phần Tập đoàn PC1,CT,2357,Xây dựng,2350
PCB,UPCOM,stock,listed,Ngân hàng Thương mại Cổ phần Đại chúng Việt Nam,NH,8355,Ngân hàng,8350
PCC,UPCOM,stock,listed,Công ty Cổ phần Tập đoàn Xây lắp 1 - Petrolimex,CT,2357,Xây dựng,2350
PCE,HNX,stock,listed,Công ty Cổ phần Phân bón và hóa chất dầu khí Miền Trung,CT,1357,"Sản phẩm hóa dầu, Nông dược & Hóa chất khác",1350
PCF,UPCOM,stock,listed,Công ty Cổ phần Cà phê PETEC,CT,3537,Đồ uống & giải khát,3530
PCG,UPCOM,stock,listed,Công ty Cổ phần Đầu tư Phát triển Gas Đô thị,CT,7573,Phân phối xăng dầu & khí đốt,7570
PCH,HNX,stock,listed,Công ty Cổ phần Picomat Holding,CT,1353,"Nhựa, cao su & sợi",1350
PCM,UPCOM,stock,listed,Công ty Cổ phần Vật liệu Xây dựng Bưu điện,CT,2353,Vật liệu xây dựng & Nội thất,2350
PCN,UPCOM,stock,listed,,,,,
PCT,HNX,stock,listed,Công ty Cổ phần Vận tải Biển Global Pacific,CT,2779,Dịch vụ vận tải,2770
PDB,HNX,stock,listed,Công ty Cổ phần Tập đoàn Đầu tư DIN Capital,CT,2353,Vật liệu xây dựng & Nội thất,2350
PDC,UPCOM,stock,listed,Công ty Cổ phần Du lịch Dầu khí Phương Đông,CT,5759,Vận tải hành khách & Du lịch,5750
PDN,HOSE,stock,listed,Công ty Cổ phần Cảng Đồng Nai,CT,2777,"Kho bãi, hậu cần và bảo dưỡng",2770
PDR,HOSE,stock,listed,Công ty Cổ phần Phát triển Bất động sản Phát Đạt,CT,8633,Bất động sản,8630
PDT,UPCOM,stock,listed,,,,,
PDV,HOSE,stock,listed,Công ty Cổ phần Vận tải và Tiếp vận Phương Đông Việt,CT,2773,Vận tải Thủy,2770
PEC,UPCOM,stock,listed,,,,,
PEG,UPCOM,stock,listed,Tổng Công ty Thương mại Kỹ thuật và Đầu tư - Công ty Cổ phần,CT,7573,Phân phối xăng dầu & khí đốt,7570
PEN,HNX,stock,listed,Công ty Cổ phần Xây lắp III Petrolimex,CT,2357,Xây dựng,2350
PEQ,UPCOM,stock,listed,Công ty Cổ phần Thiết bị xăng dầu Petrolimex,CT,0573,Thiết bị và Dịch vụ Dầu khí,0570
PET,HOSE,stock,listed,Tổng Công ty Cổ phần Dịch vụ Tổng hợp Dầu khí,CT,5379,Phân phối hàng chuyên dụng,5370
PFL,UPCOM,stock,listed,Công ty Cổ phần Dầu khí Đông Đô,CT,2357,Xây dựng,2350
PGB,UPCOM,stock,listed,Ngân hàng Thương mại Cổ phần Thịnh vượng và Phát triển,NH,8355,Ngân hàng,8350
PGC,HOSE,stock,listed,Tổng Công ty Gas Petrolimex - Công ty Cổ phần,CT,7573,Phân phối xăng dầu & khí đốt,7570
PGD,HOSE,stock,listed,Công ty Cổ phần Phân phối khí thấp áp dầu khí Việt Nam,CT,7573,Phân phối xăng dầu & khí đốt,7570
PGI,HOSE,stock,listed,Tổng Công ty Cổ phần Bảo hiểm Petrolimex,BH,8536,Bảo hiểm phi nhân thọ,8530
PGN,HNX,stock,listed,Công ty Cổ phần Phụ Gia Nhựa,CT,1353,"Nhựa, cao su & sợi",1350
PGS,HNX,stock,listed,Công ty Cổ phần Kinh doanh Khí Miền Nam,CT,7573,Phân phối xăng dầu & khí đốt,7570
PGT,HNX,stock,listed,Công ty Cổ phần PGT Holdings,CT,5759,Vận tải hành khách & Du lịch,5750
PGV,HOSE,stock,listed,Tổng Công ty Phát điện 3 - Công ty Cổ phần,CT,7535,Sản xuất & Phân phối Điện,7530
PHC,HOSE,stock,listed,Công ty Cổ phần Xây dựng Phục Hưng Holdings,CT,2357,Xây dựng,2350
PHH,UPCOM,stock,listed,Công ty Cổ phần Hồng Hà Việt Nam,CT,2357,Xây dựng,2350
PHN,HNX,stock,listed,Công ty Cổ phần Pin Hà Nội,CT,2733,Hàng điện & điện tử,2730
PHP,UPCOM,stock,listed,Công ty Cổ phần Cảng Hải Phòng,CT,2777,"Kho bãi, hậu cần và bảo dưỡng",2770
PHR,HOSE,stock,listed,Công ty Cổ phần Cao su Phước Hòa,CT,1353,"Nhựa, cao su & sợi",1350
PHS,UPCOM,stock,listed,Công ty Cổ phần Chứng khoán Phú Hưng,CK,8777,Môi giới chứng khoán,8770
PHT,HOSE,stock,listed,,,,,
PIA,HNX,stock,listed,Công ty Cổ phần Tin học Viễn thông Petrolimex,CT,6535,Viễn thông cố định,6530
PIC,HNX,stock,listed,Công ty Cổ phần Đầu tư Điện lực 3,CT,7535,Sản xuất & Phân phối Điện,7530
PID,UPCOM,stock,listed,Công ty Cổ phần Trang trí nội thất Dầu khí,CT,2353,Vật liệu xây dựng & Nội thất,2350
PIS,UPCOM,stock,listed,Tổng Công ty Pisico Bình Định - Công ty Cổ phần,CT,1733,Lâm sản và Chế biến gỗ,1730
PIT,HOSE,stock,listed,Công ty Cổ phần Xuất nhập khẩu Petrolimex,CT,5373,Bán lẻ phức hợp,5370
PIV,UPCOM,stock,listed,Công ty Cổ phần PIV,CT,8637,"Tư Vấn, Định giá, Môi giới Bất động sản",8630
PJC,HNX,stock,listed,Công ty Cổ phần Thương mại và Vận tải Petrolimex Hà Nội,CT,7573,Phân phối xăng dầu & khí đốt,7570
PJS,UPCOM,stock,listed,Công ty Cổ phần Cấp nước Phú Hòa Tân,CT,7577,Nước,7570
PJT,HOSE,stock,listed,Công ty Cổ phần Vận tải Xăng dầu đường thủy Petrolimex,CT,2773,Vận tải Thủy,2770
PKR,UPCOM,stock,listed,,,,,
PLA,UPCOM,stock,listed,Công ty Cổ phần Đầu tư và Dịch vụ hạ tầng Xăng dầu,CT,2357,Xây dựng,2350
PLC,HNX,stock,listed,Tổng Công ty Hóa dầu Petrolimex - Công ty Cổ phần,CT,1357,"Sản phẩm hóa dầu, Nông dược & Hóa chất khác",1350
PLE,UPCOM,stock,listed,Công ty Cổ phần Tư vấn Xây dựng Petrolimex,CT,2357,Xây dựng,2350
PLO,UPCOM,stock,listed,Công ty Cổ phần Kho vận Petec,CT,2777,"Kho bãi, hậu cần và bảo dưỡng",2770
PLP,HOSE,stock,listed,Công ty Cổ phần Sản xuất và Công nghệ Nhựa Pha Lê,CT,1353,"Nhựa, cao su & sợi",1350
PLX,HOSE,stock,listed,Tập đoàn Xăng dầu Việt Nam,CT,0533,Sản xuất và Khai thác dầu khí,0530
PMB,HNX,stock,listed,Công ty Cổ phần Phân bón và Hóa chất Dầu khí Miền Bắc,CT,1357,"Sản phẩm hóa dầu, Nông dược & Hóa chất khác",1350
PMC,HNX,stock,listed,Công ty Cổ phần Dược phẩm Dược liệu Pharmedic,CT,4577,Dược phẩm,4570
PME,HOSE,stock,listed,,,,,
PMG,HOSE,stock,listed,Công ty Cổ phần Đầu tư và Sản xuất Petro Miền Trung,CT,7573,Phân phối xăng dầu & khí đốt,7570
PMJ,UPCOM,stock,listed,Công ty Cổ phần Vật tư Bưu điện,CT,9578,Thiết bị viễn thông,9570
PMP,HNX,stock,listed,Công ty Cổ phần Bao bì Đạm Phú Mỹ,CT,2723,Containers & Đóng gói,2720
PMS,HNX,stock,listed,Công ty Cổ phần Cơ khí Xăng dầu,CT,2757,Máy công nghiệp,2750
PMT,UPCOM,stock,listed,Công ty Cổ phần Viễn thông Telvina Việt Nam,CT,9578,Thiết bị viễn thông,9570
PMW,UPCOM,stock,listed,Công ty Cổ phần Cấp Nước Phú Mỹ,CT,7577,Nước,7570
PNC,HOSE,stock,listed,Công ty Cổ phần Văn hóa Phương Nam,CT,5557,"Sách, ấn bản & sản phẩm văn hóa",5550
PND,UPCOM,stock,listed,Công ty Cổ phần Xăng dầu Dầu khí Nam Định,CT,7573,Phân phối xăng dầu & khí đốt,7570
PNG,UPCOM,stock,listed,Công ty Cổ phần Thương Mại Phú Nhuận,CT,5757,Nhà hàng và quán bar,5750
PNJ,HOSE,stock,listed,Công ty Cổ phần Vàng bạc Đá quý Phú Nhuận,CT,3767,Hàng cá nhân,3760
PNP,UPCOM,stock,listed,Công ty Cổ phần Tân Cảng – Phú Hữu,CT,2773,Vận tải Thủy,2770
PNT,UPCOM,stock,listed,Công ty Cổ phần Kỹ thuật Xây dựng Phú Nhuận,CT,2357,Xây dựng,2350
POB,UPCOM,stock,listed,Công ty Cổ phần Xăng dầu Dầu khí Hưng Yên,CT,7573,Phân phối xăng dầu & khí đốt,7570
POM,UPCOM,stock,listed,Công ty Cổ phần Thép Pomina,CT,1757,Thép và sản phẩm thép,1750
POS,UPCOM,stock,listed,Công ty Cổ phần Vận hành và Xây lắp PTSC,CT,0573,Thiết bị và Dịch vụ Dầu khí,0570
POT,HNX,stock,listed,Công ty Cổ phần Thiết bị Bưu điện,CT,9572,Phần cứng,9570
POV,UPCOM,stock,listed,Công ty Cổ phần Xăng dầu Dầu khí Vũng Áng,CT,7573,Phân phối xăng dầu & khí đốt,7570
POW,HOSE,stock,listed,Tổng Công ty Điện lực Dầu khí Việt Nam - CTCP,CT,7535,Sản xuất & Phân phối Điện,7530
PPC,HOSE,stock,listed,Công ty Cổ phần Nhiệt điện Phả Lại,CT,7535,Sản xuất & Phân phối Điện,7530
PPE,HNX,stock,listed,Công ty Cổ phần Tư vấn Đầu tư PP Enterprise,CT,2791,Tư vấn & Hỗ trợ KD,2790
PPG,UPCOM,stock,listed,,,,,
PPH,UPCOM,stock,listed,Tổng Công ty Cổ phần Phong Phú,CT,3763,Hàng May mặc,3760
PPI,UPCOM,stock,listed,Công ty Cổ phần Đầu tư và Phát triển dự án hạ tầng Thái Bình Dương,CT,8633,Bất động sản,8630
PPP,HNX,stock,listed,Công ty Cổ phần Dược phẩm Phong Phú,CT,4577,Dược phẩm,4570
PPS,HNX,stock,listed,Công ty Cổ phần Dịch vụ Kỹ thuật Điện lực Dầu khí Việt Nam,CT,2791,Tư vấn & Hỗ trợ KD,2790
PPT,HNX,stock,listed,Công ty cổ phần Petro Times,CT,7573,Phân phối xăng dầu & khí đốt,7570
PPV,UPCOM,stock,listed,,,,,
PPY,HNX,stock,listed,Công ty Cổ phần Xăng dầu dầu khí Phú Yên,CT,7573,Phân phối xăng dầu & khí đốt,7570
PQN,UPCOM,stock,listed,Công ty Cổ phần Dịch vụ Dầu khí Quảng Ngãi PTSC,CT,2777,"Kho bãi, hậu cần và bảo dưỡng",2770
PRC,HNX,stock,listed,Công ty Cổ phần Logistics Portserco,CT,2779,Dịch vụ vận tải,2770
PRE,HNX,stock,listed,Tổng Công ty Cổ phần Tái bảo hiểm Hà Nội,BH,8538,Tái bảo hiểm,8530
PRO,UPCOM,stock,listed,Công ty Cổ phần Procimex Việt Nam,CT,3577,Thực phẩm,3570
PRT,UPCOM,stock,listed,Tổng Công ty Sản xuất - Xuất nhập khẩu Bình Dương - Công ty cổ phần,CT,8633,Bất động sản,8630
PSB,UPCOM,stock,listed,Công ty Cổ phần Cảng Kỹ thuật PTSC Sao Mai,CT,2357,Xây dựng,2350
PSC,HNX,stock,listed,Công ty Cổ phần Vận tải và Dịch vụ Petrolimex Sài Gòn,CT,2779,Dịch vụ vận tải,2770
PSD,HNX,stock,listed,Công ty Cổ phần Dịch vụ Phân phối Tổng hợp Dầu khí,CT,5379,Phân phối hàng chuyên dụng,5370
PSE,HNX,stock,listed,Công ty Cổ phần Phân bón và hóa chất dầu khí Đông Nam Bộ,CT,1357,"Sản phẩm hóa dầu, Nông dược & Hóa chất khác",1350
PSG,UPCOM,stock,listed,,,,,
PSH,UPCOM,stock,listed,Công ty Cổ phần Thương mại Đầu tư Dầu khí Nam Sông Hậu,CT,7573,Phân phối xăng dầu & khí đốt,7570
PSI,HNX,stock,listed,Công ty Cổ phần Chứng khoán Dầu khí,CK,8777,Môi giới chứng khoán,8770
PSL,UPCOM,stock,listed,Công ty Cổ phần Chăn nuôi Phú Sơn,CT,3573,Nuôi trồng nông & hải sản,3570
PSN,UPCOM,stock,listed,Công ty Cổ phần Dịch vụ Kỹ thuật PTSC Thanh Hóa,CT,2777,"Kho bãi, hậu cần và bảo dưỡng",2770
PSP,UPCOM,stock,listed,Công ty Cổ phần Cảng Dịch vụ Dầu khí Đình Vũ,CT,2779,Dịch vụ vận tải,2770
PSW,HNX,stock,listed,Công ty Cổ phần Phân bón và hóa chất dầu khí Tây Nam Bộ,CT,1357,"Sản phẩm hóa dầu, Nông dược & Hóa chất khác",1350
PTB,HOSE,stock,listed,Công ty Cổ phần Phú Tài,CT,1733,Lâm sản và Chế biến gỗ,1730
PTC,HOSE,stock,listed,Công ty Cổ phần Đầu tư ICAPITAL,CT,2357,Xây dựng,2350
PTD,HNX,stock,listed,Công ty Cổ phần Thiết kế - Xây dựng - Thương mại Phúc Thịnh,CT,2357,Xây dựng,2350
PTE,UPCOM,stock,listed,Công ty Cổ phần Xi măng Phú Thọ,CT,2353,Vật liệu xây dựng & Nội thất,2350
PTG,UPCOM,stock,listed,Công ty Cổ phần May Xuất Khẩu Phan Thiết,CT,3763,Hàng May mặc,3760
PTH,UPCOM,stock,listed,Công ty Cổ phần Vận tải và Dịch vụ Petrolimex Hà Tây,CT,7573,Phân phối xăng dầu & khí đốt,7570
PTI,HNX,stock,listed,Tổng Công ty Cổ phần Bảo hiểm Bưu điện,BH,8536,Bảo hiểm phi nhân thọ,8530
PTK,UPCOM,stock,listed,,,,,
PTL,HOSE,stock,listed,Công ty Cổ phần Victory Group,CT,8633,Bất động sản,8630
PTM,UPCOM,stock,listed,"Công ty Cổ phần Sản xuất, Thương mại Và Dịch vụ Ô tô PTM",CT,3353,Sản xuất ô tô,3350
PTN,UPCOM,stock,listed,,,,,
PTO,UPCOM,stock,listed,Công ty Cổ phần Dịch vụ - Xây dựng Công trình Bưu điện,CT,2357,Xây dựng,2350
PTP,UPCOM,stock,listed,Công ty Cổ phần PTP,CT,6535,Viễn thông cố định,6530
PTS,HNX,stock,listed,Công ty Cổ phần Vận tải và Dịch vụ Petrolimex Hải Phòng,CT,2779,Dịch vụ vận tải,2770
PTT,UPCOM,stock,listed,Công ty Cổ phần Vận tải Dầu khí Đông Dương,CT,2779,Dịch vụ vận tải,2770
PTV,UPCOM,stock,listed,Công ty Cổ phần Thương mại Dầu khí,CT,0573,Thiết bị và Dịch vụ Dầu khí,0570
PTX,HNX,stock,listed,Công ty Cổ phần Vận tải và Dịch vụ Petrolimex Nghệ Tĩnh,CT,7573,Phân phối xăng dầu & khí đốt,7570
PV2,HNX,stock,listed,Công ty Cổ phần Genea Capital,CT,8633,Bất động sản,8630
PVA,UPCOM,stock,listed,,,,,
PVB,HNX,stock,listed,Công ty Cổ phần Bọc ống Dầu khí Việt Nam,CT,0573,Thiết bị và Dịch vụ Dầu khí,0570
PVC,HNX,stock,listed,Tổng Công ty Hóa chất và Dịch vụ Dầu khí - Công ty Cổ phần,CT,0573,Thiết bị và Dịch vụ Dầu khí,0570
PVD,HOSE,stock,listed,Tổng Công ty Cổ phần Khoan và Dịch vụ khoan Dầu khí,CT,0573,Thiết bị và Dịch vụ Dầu khí,0570
PVE,UPCOM,stock,listed,Tổng Công ty Tư vấn Thiết kế Dầu khí - Công ty Cổ phần,CT,0573,Thiết bị và Dịch vụ Dầu khí,0570
PVF,HOSE,stock,listed,,,,,
PVG,HNX,stock,listed,Công ty Cổ phần Kinh doanh LPG Việt Nam,CT,7573,Phân phối xăng dầu & khí đốt,7570
PVH,UPCOM,stock,listed,Công ty Cổ phần Xây lắp Dầu khí Thanh Hóa,CT,2357,Xây dựng,2350
PVI,HNX,stock,listed,Công ty Cổ phần PVI,BH,8536,Bảo hiểm phi nhân thọ,8530
PVL,UPCOM,stock,listed,Công ty Cổ phần Địa ốc Dầu khí,CT,8633,Bất động sản,8630
PVM,UPCOM,stock,listed,Công ty Cổ phần Máy - Thiết bị Dầu khí,CT,2797,Nhà cung cấp thiết bị,2790
PVO,UPCOM,stock,listed,Công ty Cổ phần Dầu nhờn PV Oil,CT,1357,"Sản phẩm hóa dầu, Nông dược & Hóa chất khác",1350
PVP,HOSE,stock,listed,Công ty Cổ phần Vận tải Dầu khí Thái Bình Dương,CT,2779,Dịch vụ vận tải,2770
PVR,UPCOM,stock,listed,Công ty Cổ phần Đầu tư PVR Hà Nội,CT,8633,Bất động sản,8630
PVS,HNX,stock,listed,Tổng Công ty Cổ phần Dịch vụ Kỹ thuật Dầu khí Việt Nam,CT,0573,Thiết bị và Dịch vụ Dầu khí,0570
PVT,HOSE,stock,listed,Tổng Công ty Cổ phần Vận tải Dầu khí,CT,2773,Vận tải Thủy,2770
PVV,UPCOM,stock,listed,Công ty Cổ phần Vinaconex 39,CT,2357,Xây dựng,2350
PVX,UPCOM,stock,listed,Tổng Công ty Cổ phần Xây lắp Dầu khí Việt Nam,CT,2357,Xây dựng,2350
PVY,UPCOM,stock,listed,Công ty Cổ phần Chế tạo Giàn khoan Dầu khí,CT,2357,Xây dựng,2350
PWA,UPCOM,stock,listed,Công ty Cổ phần Bất động sản dầu khí,CT,8633,Bất động sản,8630
PWS,UPCOM,stock,listed,Công ty Cổ phần Cấp thoát nước Phú Yên,CT,7577,Nước,7570
PX1,UPCOM,stock,listed,,,,,
PXA,UPCOM,stock,listed,Công ty Cổ phần Đầu tư và Thương mại Dầu khí Nghệ An,CT,8633,Bất động sản,8630
PXC,UPCOM,stock,listed,,,,,
PXI,UPCOM,stock,listed,Công ty Cổ phần Xây dựng Công nghiệp và Dân dụng Dầu khí,CT,2357,Xây dựng,2350
PXK,HNX,stock,listed,,,,,
PXL,UPCOM,stock,listed,Công ty Cổ phần Đầu tư Khu Công Nghiệp Dầu khí Long Sơn,CT,8633,Bất động sản,8630
PXM,UPCOM,stock,listed,Công ty Cổ phần Xây lắp Dầu khí Miền Trung,CT,2357,Xây dựng,2350
PXS,UPCOM,stock,listed,Công ty Cổ phần Kết cấu Kim loại và Lắp máy Dầu khí,CT,2357,Xây dựng,2350
PXT,UPCOM,stock,listed,Công ty Cổ phần Xây lắp Đường ống Bể chứa Dầu khí,CT,2357,Xây dựng,2350
PYU,UPCOM,stock,listed,,,,,
QBR,UPCOM,stock,listed,,,,,
QBS,UPCOM,stock,listed,Công ty Cổ phần Xuất nhập khẩu Quảng Bình,CT,1357,"Sản phẩm hóa dầu, Nông dược & Hóa chất khác",1350
QCC,UPCOM,stock,listed,Công ty Cổ phần Đầu tư Xây dựng và Phát triển Hạ tầng Viễn Thông,CT,2357,Xây dựng,2350
QCG,HOSE,stock,listed,Công ty Cổ phần Quốc Cường Gia Lai,CT,8633,Bất động sản,8630
QHD,HNX,stock,listed,Công ty Cổ phần Que hàn điện Việt Đức,CT,2727,Công nghiệp phức hợp,2720
QHW,UPCOM,stock,listed,Công ty Cổ phần Nước khoáng Quảng Ninh,CT,3537,Đồ uống & giải khát,3530
QLD,UPCOM,stock,listed,,,,,
QLT,UPCOM,stock,listed,,,,,
QNC,UPCOM,stock,listed,Công ty Cổ phần Xi măng và Xây dựng Quảng Ninh,CT,2353,Vật liệu xây dựng & Nội thất,2350
QNP,HOSE,stock,listed,Công ty Cổ phần Cảng Quy Nhơn,CT,2777,"Kho bãi, hậu cần và bảo dưỡng",2770
QNS,UPCOM,stock,listed,Công ty Cổ phần Đường Quảng Ngãi,CT,3577,Thực phẩm,3570
QNT,UPCOM,stock,listed,Công ty Cổ phần Tư vấn và Đầu tư Phát triển Quảng Nam,CT,2357,Xây dựng,2350
QNU,UPCOM,stock,listed,Công ty Cổ phần Môi trường Đô thị Quảng Nam,CT,2799,Chất thải & Môi trường,2790
QNW,UPCOM,stock,listed,Công ty Cổ phần Cấp thoát nước và xây dựng Quảng Ngãi,CT,7577,Nước,7570
QPH,UPCOM,stock,listed,Công ty Cổ phần Thủy điện Quế Phong,CT,7535,Sản xuất & Phân phối Điện,7530
QSP,UPCOM,stock,listed,Công ty Cổ phần Tân cảng Quy Nhơn,CT,2777,"Kho bãi, hậu cần và bảo dưỡng",2770
QST,HNX,stock,listed,Công ty Cổ phần Sách và Thiết bị trường học Quảng Ninh,CT,5557,"Sách, ấn bản & sản phẩm văn hóa",5550
QTC,HNX,stock,listed,Công ty Cổ phần Công trình Giao thông Vận tải Quảng Nam,CT,2357,Xây dựng,2350
QTP,UPCOM,stock,listed,Công ty Cổ phần Nhiệt điện Quảng Ninh,CT,7535,Sản xuất & Phân phối Điện,7530
RAL,HOSE,stock,listed,Công ty Cổ phần Bóng đèn Phích nước Rạng Đông,CT,3726,Thiết bị gia dụng,3720
RAT,UPCOM,stock,listed,Công ty Cổ phần Vận tải và Thương mại Đường sắt,CT,2779,Dịch vụ vận tải,2770
RBC,UPCOM,stock,listed,Công ty Cổ phần Công Nghiệp và Xuất nhập khẩu Cao Su,CT,1353,"Nhựa, cao su & sợi",1350
RCC,UPCOM,stock,listed,Công ty Cổ phần Tổng Công ty Công trình Đường sắt Việt Nam,CT,2357,Xây dựng,2350
RCD,UPCOM,stock,listed,Công ty Cổ phần Xây dựng - Địa ốc Cao su,CT,2357,Xây dựng,2350
RCL,HNX,stock,listed,Công ty Cổ phần Địa ốc Chợ Lớn,CT,8633,Bất động sản,8630
RDP,UPCOM,stock,listed,,,,,
REE,HOSE,stock,listed,Công ty Cổ phần Cơ điện Lạnh,CT,7535,Sản xuất & Phân phối Điện,7530
RGC,UPCOM,stock,listed,,,,,
RGG,UPCOM,stock,listed,Công ty Cổ phần Regal Group,CT,8633,Bất động sản,8630
RHC,HNX,stock,listed,,,,,
RHN,UPCOM,stock,listed,,,,,
RIC,UPCOM,stock,listed,Công ty Cổ phần Quốc Tế Hoàng Gia,CT,5755,Dịch vụ giải trí,5750
RLC,UPCOM,stock,listed,,,,,
ROS,UPCOM,stock,listed,,,,,
RTB,UPCOM,stock,listed,Công ty Cổ phần Cao su Tân Biên,CT,1353,"Nhựa, cao su & sợi",1350
RTH,UPCOM,stock,listed,,,,,
RTS,UPCOM,stock,listed,,,,,
RVN,UPCOM,stock,listed,,,,,
RYG,HOSE,stock,listed,Công ty Cổ phần Sản xuất và Đầu tư Hoàng Gia,CT,2353,Vật liệu xây dựng & Nội thất,2350
S12,UPCOM,stock,listed,Công ty Cổ phần Sông Đà 12,CT,2357,Xây dựng,2350
S27,UPCOM,stock,listed,,,,,
S33,UPCOM,stock,listed,,,,,
S4A,HOSE,stock,listed,Công ty Cổ phần Thủy điện Sê San 4A,CT,7535,Sản xuất & Phân phối Điện,7530
S55,HNX,stock,listed,Công ty Cổ phần Sông Đà 505,CT,2357,Xây dựng,2350
S64,HNX,stock,listed,,,,,
S72,UPCOM,stock,listed,Công ty Cổ phần Sông Đà 7.02,CT,2357,Xây dựng,2350
S74,UPCOM,stock,listed,Công ty Cổ phần Sông Đà 7.04,CT,2357,Xây dựng,2350
S91,HNX,stock,listed,,,,,
S96,UPCOM,stock,listed,,,,,
S99,HNX,stock,listed,Công ty Cổ phần SCI,CT,2357,Xây dựng,2350
SAB,HOSE,stock,listed,Tổng Công ty Cổ phần Bia - Rượu - Nước Giải khát Sài Gòn,CT,3533,Sản xuất bia,3530
SAC,UPCOM,stock,listed,Công ty Cổ phần Xếp dỡ và Dịch vụ cảng Sài Gòn,CT,2777,"Kho bãi, hậu cần và bảo dưỡng",2770
SAD,UPCOM,stock,listed,,,,,
SAF,HNX,stock,listed,Công ty Cổ phần Lương thực Thực phẩm SAFOCO,CT,3577,Thực phẩm,3570
SAL,UPCOM,stock,listed,Công ty Cổ phần Trục vớt Cứu hộ Việt Nam,CT,2753,Xe tải & Đóng tàu,2750
SAM,HOSE,stock,listed,Công ty Cổ phần SAM Holdings,CT,9578,Thiết bị viễn thông,9570
SAP,UPCOM,stock,listed,,,,,
SAS,UPCOM,stock,listed,Công ty Cổ phần Dịch vụ Hàng không Sân bay Tân Sơn Nhất,CT,5379,Phân phối hàng chuyên dụng,5370
SAV,HOSE,stock,listed,Công ty Cổ phần Hợp tác Kinh tế và Xuất nhập khẩu Savimex,CT,1733,Lâm sản và Chế biến gỗ,1730
SB1,UPCOM,stock,listed,Công ty Cổ phần Bia Sài Gòn - Nghệ Tĩnh,CT,3533,Sản xuất bia,3530
SBA,HOSE,stock,listed,Công ty Cổ phần Sông Ba,CT,7535,Sản xuất & Phân phối Điện,7530
SBB,UPCOM,stock,listed,Công ty Cổ phần Tập đoàn Bia Sài Gòn Bình Tây,CT,3533,Sản xuất bia,3530
SBD,UPCOM,stock,listed,Công ty Cổ phần Công nghệ Sao Bắc Đẩu,CT,9537,Phần mềm,9530
SBG,HOSE,stock,listed,Công ty Cổ Phần Tập Đoàn Cơ Khí Công Nghệ Cao Siba,CT,2727,Công nghiệp phức hợp,2720
SBH,UPCOM,stock,listed,Công ty Cổ phần Thủy điện Sông Ba Hạ,CT,7535,Sản xuất & Phân phối Điện,7530
SBL,UPCOM,stock,listed,Công ty Cổ phần Bia Sài Gòn - Bạc Liêu,CT,3533,Sản xuất bia,3530
SBM,UPCOM,stock,listed,Công ty Cổ phần Đầu tư phát triển Bắc Minh,CT,7535,Sản xuất & Phân phối Điện,7530
SBR,UPCOM,stock,listed,Công ty Cổ phần Cao su Sông Bé,CT,1353,"Nhựa, cao su & sợi",1350
SBS,UPCOM,stock,listed,Công ty Cổ phần Chứng khoán SBS,CK,8777,Môi giới chứng khoán,8770
SBT,HOSE,stock,listed,Công ty Cổ phần Thành Thành Công - Biên Hòa,CT,3577,Thực phẩm,3570
SBV,HOSE,stock,listed,Công ty Cổ phần Siam Brothers Việt Nam,CT,5379,Phân phối hàng chuyên dụng,5370
SC5,HOSE,stock,listed,Công ty Cổ phần Xây dựng số 5,CT,2357,Xây dựng,2350
SCA,UPCOM,stock,listed,,,,,
SCC,UPCOM,stock,listed,Công ty Cổ phần Thương mại Đầu tư SHB,CT,2353,Vật liệu xây dựng & Nội thất,2350
SCD,UPCOM,stock,listed,Công ty Cổ phần Nước giải khát Chương Dương,CT,3537,Đồ uống & giải khát,3530
SCG,HNX,stock,listed,Công ty Cổ phần Tập đoàn Xây dựng SCG,CT,2357,Xây dựng,2350
SCH,UPCOM,stock,listed,,,,,
SCI,HNX,stock,listed,Công ty Cổ phần SCI E&C,CT,2357,Xây dựng,2350
SCJ,UPCOM,stock,listed,Công ty Cổ phần Xi măng Sài Sơn,CT,2353,Vật liệu xây dựng & Nội thất,2350
SCL,UPCOM,stock,listed,Công ty Cổ phần Sông Đà Cao Cường,CT,2353,Vật liệu xây dựng & Nội thất,2350
SCO,UPCOM,stock,listed,Công ty Cổ phần Công nghiệp Thủy sản,CT,2757,Máy công nghiệp,2750
SCR,HOSE,stock,listed,Công ty Cổ phần Địa Ốc Sài Gòn Thương Tín,CT,8633,Bất động sản,8630
SCS,HOSE,stock,listed,Công ty Cổ phần Dịch vụ Hàng hóa Sài Gòn,CT,5751,Dịch vụ hàng không,5750
SCV,UPCOM,stock,listed,,,,,
SCY,UPCOM,stock,listed,,,,,
SD1,UPCOM,stock,listed,,,,,
SD2,UPCOM,stock,listed,Công ty Cổ phần Sông Đà 2,CT,2357,Xây dựng,2350
SD3,UPCOM,stock,listed,Công ty Cổ phần Sông Đà 3,CT,2357,Xây dựng,2350
SD4,UPCOM,stock,listed,Công ty Cổ phần Sông Đà 4,CT,2357,Xây dựng,2350
SD5,HNX,stock,listed,Công ty Cổ phần Sông Đà 5,CT,2357,Xây dựng,2350
SD6,UPCOM,stock,listed,Công ty Cổ phần Sông Đà 6,CT,2357,Xây dựng,2350
SD7,UPCOM,stock,listed,Công ty Cổ phần Sông Đà 7,CT,2357,Xây dựng,2350
SD8,UPCOM,stock,listed,Công ty Cổ phần Sông Đà 8,CT,2357,Xây dựng,2350
SD9,HNX,stock,listed,Công ty Cổ phần Sông Đà 9,CT,2357,Xây dựng,2350
SDA,UPCOM,stock,listed,Công ty Cổ phần SIMCO Sông Đà,CT,2793,Đào tạo & Việc làm,2790
SDB,UPCOM,stock,listed,,,,,
SDC,HNX,stock,listed,Công ty Cổ phần Tư vấn Sông Đà,CT,2791,Tư vấn & Hỗ trợ KD,2790
SDD,UPCOM,stock,listed,Công ty Cổ phần Đầu tư và Xây lắp Sông Đà,CT,2357,Xây dựng,2350
SDE,UPCOM,stock,listed,,,,,
SDF,UPCOM,stock,listed,,,,,
SDG,HNX,stock,listed,Công ty Cổ phần Sadico Cần Thơ,CT,2723,Containers & Đóng gói,2720
SDH,UPCOM,stock,listed,,,,,
SDI,UPCOM,stock,listed,,,,,
SDJ,UPCOM,stock,listed,,,,,
SDK,UPCOM,stock,listed,Công ty Cổ phần Cơ khí Luyện Kim,CT,2757,Máy công nghiệp,2750
SDN,HNX,stock,listed,Công ty Cổ phần Sơn Đồng Nai,CT,2353,Vật liệu xây dựng & Nội thất,2350
SDP,UPCOM,stock,listed,Công ty Cổ phần SDP,CT,2357,Xây dựng,2350
SDT,UPCOM,stock,listed,Công ty Cổ phần Sông Đà 10,CT,2357,Xây dựng,2350
SDU,HNX,stock,listed,Công ty Cổ phần Đầu tư Xây dựng và Phát triển Đô thị Sông Đà,CT,2357,Xây dựng,2350
SDV,UPCOM,stock,listed,Công ty Cổ phần Dịch vụ Sonadezi,CT,2799,Chất thải & Môi trường,2790
SDX,UPCOM,stock,listed,,,,,
SDY,UPCOM,stock,listed,Công ty Cổ phần Xi măng Sông Đà Yaly,CT,2353,Vật liệu xây dựng & Nội thất,2350
SEA,UPCOM,stock,listed,Tổng Công ty Thủy sản Việt Nam - Công ty Cổ phần,CT,3573,Nuôi trồng nông & hải sản,3570
SEB,HNX,stock,listed,Công ty Cổ phần Đầu tư và Phát triển Điện Miền Trung,CT,7535,Sản xuất & Phân phối Điện,7530
SEC,HOSE,stock,listed,,,,,
SED,HNX,stock,listed,Công ty Cổ phần Đầu tư và Phát triển Giáo dục Phương Nam,CT,5557,"Sách, ấn bản & sản phẩm văn hóa",5550
SEL,HNX,stock,listed,,,,,
SEP,UPCOM,stock,listed,Công ty Cổ phần Tổng Công ty Thương mại Quảng Trị,CT,1353,"Nhựa, cao su & sợi",1350
SFC,HOSE,stock,listed,Công ty Cổ phần Nhiên liệu Sài Gòn,CT,7573,Phân phối xăng dầu & khí đốt,7570
SFG,HOSE,stock,listed,Công ty Cổ phần Phân bón Miền Nam,CT,1357,"Sản phẩm hóa dầu, Nông dược & Hóa chất khác",1350
SFI,HOSE,stock,listed,Công ty Cổ phần Đại lý Vận tải SAFI,CT,2773,Vận tải Thủy,2770
SFN,HNX,stock,listed,Công ty Cổ phần Dệt lưới Sài Gòn,CT,2797,Nhà cung cấp thiết bị,2790
SFT,UPCOM,stock,listed,,,,,
SGB,UPCOM,stock,listed,Ngân hàng Thương mại Cổ phần Sài Gòn Công thương,NH,8355,Ngân hàng,8350
SGC,HNX,stock,listed,Công ty Cổ phần Xuất nhập khẩu Sa Giang,CT,3577,Thực phẩm,3570
SGD,HNX,stock,listed,Công ty Cổ phần Sách Giáo dục tại Thành phố Hồ Chí Minh,CT,5557,"Sách, ấn bản & sản phẩm văn hóa",5550
SGH,HNX,stock,listed,Công ty Cổ phần Khách sạn Sài Gòn,CT,5753,Khách sạn,5750
SGI,UPCOM,stock,listed,Công ty Cổ phần Đầu tư SGI Holdings,CT,3763,Hàng May mặc,3760
SGN,HOSE,stock,listed,Công ty Cổ phần Phục vụ mặt đất Sài Gòn,CT,2777,"Kho bãi, hậu cần và bảo dưỡng",2770
SGO,UPCOM,stock,listed,,,,,
SGP,UPCOM,stock,listed,Công ty Cổ phần Cảng Sài Gòn,CT,2777,"Kho bãi, hậu cần và bảo dưỡng",2770
SGR,HOSE,stock,listed,Công ty Cổ phần Tổng Công ty Cổ phần Địa ốc Sài Gòn,CT,8633,Bất động sản,8630
SGS,UPCOM,stock,listed,Công ty Cổ phần Vận tải biển Sài Gòn,CT,2773,Vận tải Thủy,2770
SGT,HOSE,stock,listed,Công ty Cổ phần Công nghệ Viễn thông Sài Gòn,CT,9535,Internet,9530
SGV,UPCOM,stock,listed,,,,,
SHA,HOSE,stock,listed,Công ty Cổ phần Sơn Hà Sài Gòn,CT,1757,Thép và sản phẩm thép,1750
SHB,HOSE,stock,listed,Ngân hàng Thương mại Cổ phần Sài Gòn – Hà Nội,NH,8355,Ngân hàng,8350
SHC,UPCOM,stock,listed,Công ty Cổ phần Hàng hải Sài Gòn,CT,2773,Vận tải Thủy,2770
SHE,HNX,stock,listed,Công ty Cổ phần Phát triển Năng Lượng Sơn Hà,CT,3722,Đồ gia dụng lâu bền,3720
SHG,UPCOM,stock,listed,,,,,
SHI,HOSE,stock,listed,Công ty Cổ phần Quốc tế Sơn Hà,CT,1757,Thép và sản phẩm thép,1750
SHN,HNX,stock,listed,Công ty Cổ phần Đầu tư Tổng hợp Hà Nội,CT,1771,Khai thác Than,1770
SHP,HOSE,stock,listed,Công ty Cổ phần Thủy điện Miền Nam,CT,7535,Sản xuất & Phân phối Điện,7530
SHS,HNX,stock,listed,Công ty Cổ phần Chứng khoán Sài Gòn - Hà Nội,CK,8777,Môi giới chứng khoán,8770
SHX,UPCOM,stock,listed,,,,,
SIC,HNX,stock,listed,,,,,
SID,UPCOM,stock,listed,Công ty Cổ phần Đầu tư Phát triển Sài Gòn Co.op,CT,8633,Bất động sản,8630
SIG,UPCOM,stock,listed,Công ty Cổ phần Đầu tư và Thương mại Sông Đà,CT,2357,Xây dựng,2350
SII,UPCOM,stock,listed,Công ty Cổ phần Hạ tầng Nước Sài Gòn,CT,7577,Nước,7570
SIP,HOSE,stock,listed,Công ty Cổ phần Đầu tư Sài Gòn VRG,CT,8633,Bất động sản,8630
SIV,UPCOM,stock,listed,Công ty Cổ phần SIVICO,CT,2353,Vật liệu xây dựng & Nội thất,2350
SJ1,HNX,stock,listed,Công ty Cổ phần Nông nghiệp Hùng Hậu,CT,3573,Nuôi trồng nông & hải sản,3570
SJC,UPCOM,stock,listed,,,,,
SJD,HOSE,stock,listed,Công ty Cổ phần Thủy điện Cần Đơn,CT,7535,Sản xuất & Phân phối Điện,7530
SJE,HNX,stock,listed,Công ty Cổ phần Sông Đà 11,CT,2357,Xây dựng,2350
SJF,UPCOM,stock,listed,Công ty Cổ phần Đầu tư Sao Thái Dương,CT,1733,Lâm sản và Chế biến gỗ,1730
SJG,UPCOM,stock,listed,Tổng Công ty Sông Đà,CT,2357,Xây dựng,2350
SJM,UPCOM,stock,listed,Công ty Cổ phần Sunspace Holdings,CT,2357,Xây dựng,2350
SJS,HOSE,stock,listed,Công ty Cổ phần SJ Group,CT,8633,Bất động sản,8630
SKG,HOSE,stock,listed,Công ty Cổ phần Tàu Cao tốc Superdong - Kiên Giang,CT,5759,Vận tải hành khách & Du lịch,5750
SKH,UPCOM,stock,listed,Công ty Cổ phần Nước giải khát Sanest Khánh Hòa,CT,3537,Đồ uống & giải khát,3530
SKN,UPCOM,stock,listed,Công ty Cổ phần Nước giải khát Sanna Khánh Hòa,CT,3537,Đồ uống & giải khát,3530
SKS,HNX,stock,listed,,,,,
SKV,UPCOM,stock,listed,Công ty Cổ phần Nước Giải khát Yến sào Khánh Hòa,CT,3537,Đồ uống & giải khát,3530
SLC,UPCOM,stock,listed,,,,,
SLD,UPCOM,stock,listed,Công ty Cổ phần Địa Ốc Sacom,CT,8633,Bất động sản,8630
SLS,HNX,stock,listed,Công ty Cổ phần Mía đường Sơn La,CT,3577,Thực phẩm,3570
SMA,HOSE,stock,listed,Công ty Cổ phần Thiết bị Phụ tùng Sài Gòn,CT,7535,Sản xuất & Phân phối Điện,7530
SMB,HOSE,stock,listed,Công ty Cổ phần Bia Sài Gòn - Miền Trung,CT,3533,Sản xuất bia,3530
SMC,HOSE,stock,listed,Công ty Cổ phần Đầu tư Thương mại SMC,CT,1757,Thép và sản phẩm thép,1750
SMN,HNX,stock,listed,Công ty Cổ phần Sách và thiết bị giáo dục Miền Nam,CT,5557,"Sách, ấn bản & sản phẩm văn hóa",5550
SMT,HNX,stock,listed,Công ty Cổ phần SAMETEL,CT,9578,Thiết bị viễn thông,9570
SNC,UPCOM,stock,listed,Công ty Cổ phần Xuất nhập khẩu Thủy sản Năm Căn,CT,3573,Nuôi trồng nông & hải sản,3570
SNG,HNX,stock,listed,,,,,
SNZ,UPCOM,stock,listed,Tổng Công ty Cổ phần Phát triển Khu Công nghiệp,CT,2357,Xây dựng,2350
SON,UPCOM,stock,listed,,,,,
SOV,UPCOM,stock,listed,,,,,
SP2,UPCOM,stock,listed,Công ty Cổ phần Thủy điện Sử Pán 2,CT,7535,Sản xuất & Phân phối Điện,7530
SPA,UPCOM,stock,listed,,,,,
SPB,UPCOM,stock,listed,Công ty Cổ phần Sợi Phú Bài,CT,3763,Hàng May mặc,3760
SPC,HNX,stock,listed,Công ty Cổ phần Bảo vệ Thực vật Sài Gòn,CT,1357,"Sản phẩm hóa dầu, Nông dược & Hóa chất khác",1350
SPD,UPCOM,stock,listed,Công ty Cổ phần Xuất nhập khẩu Thủy sản Miền Trung,CT,3573,Nuôi trồng nông & hải sản,3570
SPH,UPCOM,stock,listed,Công ty Cổ phần Xuất Nhập khẩu Thủy sản Hà Nội,CT,3573,Nuôi trồng nông & hải sản,3570
SPI,UPCOM,stock,listed,Công ty Cổ phần Spiral Galaxy,CT,1775,Khai khoáng,1770
SPM,HOSE,stock,listed,Công ty Cổ phần S.P.M,CT,4577,Dược phẩm,4570
SPP,UPCOM,stock,listed,,,,,
SPS,UPCOM,stock,listed,,,,,
SPV,UPCOM,stock,listed,Công ty Cổ phần Thủy Đặc Sản,CT,3573,Nuôi trồng nông & hải sản,3570
SQC,UPCOM,stock,listed,,,,,
SRA,HNX,stock,listed,Công ty Cổ phần SARA Việt Nam,CT,4535,Thiết bị y tế,4530
SRB,UPCOM,stock,listed,Công ty Cổ phần Tập đoàn Sara,CT,9537,Phần mềm,9530
SRC,HOSE,stock,listed,Công ty Cổ phần Cao su Sao Vàng,CT,3357,Lốp xe,3350
SRF,HOSE,stock,listed,Công ty Cổ phần Searefico,CT,2757,Máy công nghiệp,2750
SRT,UPCOM,stock,listed,,,,,
SSB,HOSE,stock,listed,Ngân hàng Thương mại Cổ phần Đông Nam Á,NH,8355,Ngân hàng,8350
SSC,HOSE,stock,listed,Công ty Cổ phần Giống cây trồng Miền Nam,CT,3573,Nuôi trồng nông & hải sản,3570
SSE,UPCOM,stock,listed,,,,,
SSF,UPCOM,stock,listed,,,,,
SSG,UPCOM,stock,listed,Công ty Cổ phần Vận tải Biển Hải Âu,CT,2773,Vận tải Thủy,2770
SSH,UPCOM,stock,listed,Công ty Cổ phần Phát triển Sunshine Homes,CT,8633,Bất động sản,8630
SSI,HOSE,stock,listed,Công ty Cổ phần Chứng khoán SSI,CK,8777,Môi giới chứng khoán,8770
SSM,HNX,stock,listed,Công ty Cổ phần Chế tạo kết cấu thép VNECO.SSM,CT,1757,Thép và sản phẩm thép,1750
SSN,UPCOM,stock,listed,,,,,
SSS,HNX,stock,listed,,,,,
SST,UPCOM,stock,listed,,,,,
SSU,UPCOM,stock,listed,,,,,
ST8,HOSE,stock,listed,Công ty Cổ phần Tập đoàn ST8,CT,9574,Thiết bị văn phòng,9570
STB,HOSE,stock,listed,Ngân hàng Thương mại Cổ phần Sài Gòn Tài Lộc,NH,8355,Ngân hàng,8350
STC,HNX,stock,listed,Công ty Cổ phần Sách và Thiết bị trường học Thành phố Hồ Chí Minh,CT,5557,"Sách, ấn bản & sản phẩm văn hóa",5550
STD,UPCOM,stock,listed,Công ty Cổ phần Bia - Nước giải khát Sài Gòn - Tây Đô,CT,3533,Sản xuất bia,3530
STG,HOSE,stock,listed,Công ty Cổ phần Kho Vận Miền Nam,CT,2777,"Kho bãi, hậu cần và bảo dưỡng",2770
STH,UPCOM,stock,listed,Công ty Cổ phần STH Holdings,CT,5557,"Sách, ấn bản & sản phẩm văn hóa",5550
STK,HOSE,stock,listed,Công ty Cổ phần Sợi Thế Kỷ,CT,3763,Hàng May mặc,3760
STL,UPCOM,stock,listed,,,,,
STP,HNX,stock,listed,Công ty Cổ phần Công nghiệp Thương mại Sông Đà,CT,2723,Containers & Đóng gói,2720
STS,UPCOM,stock,listed,Công ty Cổ phần Dịch vụ vận tải Sài Gòn,CT,2779,Dịch vụ vận tải,2770
STT,UPCOM,stock,listed,Công ty Cổ phần Vận chuyển Sài Gòn Tourist,CT,5759,Vận tải hành khách & Du lịch,5750
STU,UPCOM,stock,listed,,,,,
STV,UPCOM,stock,listed,,,,,
STW,UPCOM,stock,listed,Công ty Cổ phần Cấp nước Sóc Trăng,CT,7577,Nước,7570
SUM,UPCOM,stock,listed,,,,,
SVC,HOSE,stock,listed,Công ty Cổ phần Dịch vụ tổng hợp Sài Gòn,CT,3353,Sản xuất ô tô,3350
SVD,HOSE,stock,listed,Công ty Cổ phần Đầu tư & Thương mại Vũ Đăng,CT,3763,Hàng May mặc,3760
SVG,UPCOM,stock,listed,Công ty Cổ phần Hơi kỹ nghệ Que hàn,CT,2727,Công nghiệp phức hợp,2720
SVH,UPCOM,stock,listed,Công ty Cổ phần Thủy điện Sông Vàng,CT,7535,Sản xuất & Phân phối Điện,7530
SVI,HOSE,stock,listed,,,,,
SVL,UPCOM,stock,listed,,,,,
SVN,HNX,stock,listed,Công ty Cổ phần Tập đoàn Vexilla Việt Nam,CT,2357,Xây dựng,2350
SVS,HNX,stock,listed,,,,,
SVT,HOSE,stock,listed,Công ty Cổ phần Công nghệ Sài Gòn Viễn Đông,CT,5377,Dịch vụ tiêu dùng chuyên ngành,5370
SWC,UPCOM,stock,listed,Tổng Công ty Cổ phần Đường Sông Miền Nam,CT,2773,Vận tải Thủy,2770
SZB,HNX,stock,listed,Công ty Cổ phần Sonadezi Long Bình,CT,8633,Bất động sản,8630
SZC,HOSE,stock,listed,Công ty Cổ phần Sonadezi Châu Đức,CT,8633,Bất động sản,8630
SZE,UPCOM,stock,listed,Công ty Cổ phần Môi trường Sonadezi,CT,2799,Chất thải & Môi trường,2790
SZG,UPCOM,stock,listed,Công ty Cổ phần Sonadezi Giang Điền,CT,8633,Bất động sản,8630
SZL,HOSE,stock,listed,Công ty Cổ phần Sonadezi Long Thành,CT,8633,Bất động sản,8630
T12,UPCOM,stock,listed,,,,,
TA3,UPCOM,stock,listed,,,,,
TA6,UPCOM,stock,listed,Công ty Cổ phần Đầu tư và Xây lắp Thành An 665,CT,2357,Xây dựng,2350
TA9,HNX,stock,listed,Công ty Cổ phần Xây lắp Thành An 96,CT,2357,Xây dựng,2350
TAB,UPCOM,stock,listed,Công ty Cổ phần Freco Việt Nam,CT,2779,Dịch vụ vận tải,2770
TAC,HOSE,stock,listed,,,,,
TAG,UPCOM,stock,listed,,,,,
TAH,UPCOM,stock,listed,Công ty Cổ phần Thương mại Dịch vụ Giấy Thuận An,CT,1737,Sản xuất giấy,1730
TAL,HOSE,stock,listed,Công Ty Cổ Phần Đầu Tư Bất Động Sản Taseco,CT,8633,Bất động sản,8630
TAN,UPCOM,stock,listed,,,,,
TAP,UPCOM,stock,listed,,,,,
TAR,UPCOM,stock,listed,Công ty Cổ phần Nông nghiệp Công nghệ cao Trung An,CT,3573,Nuôi trồng nông & hải sản,3570
TAW,UPCOM,stock,listed,Công ty Cổ phần Cấp nước Trung An,CT,7577,Nước,7570
TB8,UPCOM,stock,listed,,,,,
TBC,HOSE,stock,listed,Công ty Cổ phần Thủy điện Thác Bà,CT,7535,Sản xuất & Phân phối Điện,7530
TBD,UPCOM,stock,listed,Tổng công ty Thiết bị điện Đông Anh - Công ty Cổ phần,CT,2737,Thiết bị điện,2730
TBH,UPCOM,stock,listed,,,,,
TBN,UPCOM,stock,listed,,,,,
TBR,UPCOM,stock,listed,Công ty Cổ phần Địa ốc Tân Bình,CT,8633,Bất động sản,8630
TBT,UPCOM,stock,listed,,,,,
TBW,UPCOM,stock,listed,Công ty cổ phần Nước sạch Thái Bình,CT,7577,Nước,7570
TBX,HNX,stock,listed,,,,,
TC6,HNX,stock,listed,,,,,
TCB,HOSE,stock,listed,Ngân hàng Thương mại Cổ phần Kỹ thương Việt Nam,NH,8355,Ngân hàng,8350
TCD,UPCOM,stock,listed,Công ty cổ phần Tập đoàn Xây dựng Tracodi,CT,2357,Xây dựng,2350
TCH,HOSE,stock,listed,Công ty Cổ phần Đầu tư Dịch vụ Tài chính Hoàng Huy,CT,8633,Bất động sản,8630
TCI,HOSE,stock,listed,Công ty Cổ phần Chứng khoán Thành Công,CK,8777,Môi giới chứng khoán,8770
TCJ,UPCOM,stock,listed,Công ty Cổ phần Tô Châu,CT,3573,Nuôi trồng nông & hải sản,3570
TCK,UPCOM,stock,listed,Tổng Công ty Cơ khí Xây dựng - CTCP,CT,2357,Xây dựng,2350
TCL,HOSE,stock,listed,Công ty Cổ phần Đại lý Giao nhận Vận tải Xếp dỡ Tân Cảng,CT,2779,Dịch vụ vận tải,2770
TCM,HOSE,stock,listed,Công ty Cổ phần Dệt may - Đầu tư - Thương mại Thành Công,CT,3763,Hàng May mặc,3760
TCO,HOSE,stock,listed,Công ty Cổ phần Janus Group,CT,3573,Nuôi trồng nông & hải sản,3570
TCR,HOSE,stock,listed,Công ty Cổ phần Công nghiệp Gốm sứ TAICERA,CT,2353,Vật liệu xây dựng & Nội thất,2350
TCS,HNX,stock,listed,,,,,
TCT,HOSE,stock,listed,Công ty Cổ phần Cáp treo Núi Bà Tây Ninh,CT,5759,Vận tải hành khách & Du lịch,5750
TCW,UPCOM,stock,listed,Công ty Cổ phần Kho Vận Tân Cảng,CT,2777,"Kho bãi, hậu cần và bảo dưỡng",2770
TCX,HOSE,stock,listed,Công ty Cổ phần Chứng khoán Kỹ Thương,CK,8777,Môi giới chứng khoán,8770
TD6,HNX,stock,listed,Công ty Cổ Phần Than Đèo Nai - Cọc Sáu - TKV,CT,1771,Khai thác Than,1770
TDB,UPCOM,stock,listed,Công ty Cổ phần Thủy điện Định Bình,CT,7535,Sản xuất & Phân phối Điện,7530
TDC,HOSE,stock,listed,Công ty Cổ phần Kinh doanh và Phát triển Bình Dương,CT,8637,"Tư Vấn, Định giá, Môi giới Bất động sản",8630
TDF,UPCOM,stock,listed,Công ty Cổ phần Trung Đô,CT,2353,Vật liệu xây dựng & Nội thất,2350
TDG,HOSE,stock,listed,Công ty Cổ phần Đầu tư TDG Global,CT,7573,Phân phối xăng dầu & khí đốt,7570
TDH,HOSE,stock,listed,Công ty Cổ phần Phát triển Nhà Thủ Đức,CT,8633,Bất động sản,8630
TDI,UPCOM,stock,listed,,,,,
TDL,UPCOM,stock,listed,,,,,
TDM,HOSE,stock,listed,Công ty Cổ phần Nước Thủ Dầu Một,CT,7577,Nước,7570
TDN,HNX,stock,listed,,,,,
TDP,HOSE,stock,listed,Công ty Cổ phần Thuận Đức,CT,2723,Containers & Đóng gói,2720
TDS,UPCOM,stock,listed,Công ty Cổ phần Thép Thủ Đức - VNSTEEL,CT,1757,Thép và sản phẩm thép,1750
TDT,HNX,stock,listed,Công ty Cổ phần Đầu tư và Phát triển TDT,CT,3763,Hàng May mặc,3760
TDW,HOSE,stock,listed,Công ty Cổ phần Cấp nước Thủ Đức,CT,7577,Nước,7570
TEC,UPCOM,stock,listed,,,,,
TED,UPCOM,stock,listed,Tổng Công ty Tư vấn Thiết kế Giao thông Vận tải - CTCP,CT,2357,Xây dựng,2350
TEG,HOSE,stock,listed,Công ty Cổ phần Trường Thành Energy Group,CT,8633,Bất động sản,8630
TEL,UPCOM,stock,listed,,,,,
TET,HNX,stock,listed,Công ty Cổ phần Bất động sản Pristie,CT,3763,Hàng May mặc,3760
TFC,HNX,stock,listed,Công ty Cổ phần Trang,CT,3577,Thực phẩm,3570
TGG,UPCOM,stock,listed,Công ty Cổ phần The Golden Group,CT,2357,Xây dựng,2350
TGP,UPCOM,stock,listed,Công ty Cổ phần Trường Phú,CT,2733,Hàng điện & điện tử,2730
TH1,UPCOM,stock,listed,Công ty Cổ phần Xuất nhập khẩu Tổng hợp I Việt Nam,CT,5337,Phân phối thực phẩm,5330
THB,HNX,stock,listed,Công ty Cổ phần Bia Hà Nội - Thanh Hóa,CT,3533,Sản xuất bia,3530
THD,HNX,stock,listed,Công ty Cổ phần Thaiholdings,CT,8637,"Tư Vấn, Định giá, Môi giới Bất động sản",8630
THG,HOSE,stock,listed,Công ty Cổ phần Đầu tư và Xây dựng Tiền Giang,CT,2353,Vật liệu xây dựng & Nội thất,2350
THI,HOSE,stock,listed,,,,,
THM,UPCOM,stock,listed,Công ty Cổ phần Tứ Hải Hà Nam,CT,3763,Hàng May mặc,3760
THN,UPCOM,stock,listed,Công ty Cổ phần Cấp nước Thanh Hóa,CT,7577,Nước,7570
THO,UPCOM,stock,listed,,,,,
THP,UPCOM,stock,listed,Công ty Cổ phần Thủy sản và Thương mại Thuận Phước,CT,3573,Nuôi trồng nông & hải sản,3570
THR,UPCOM,stock,listed,,,,,
THS,HNX,stock,listed,Công ty Cổ phần Thanh Hoa Sông Đà,CT,5373,Bán lẻ phức hợp,5370
THT,HNX,stock,listed,Công ty Cổ phần Than Hà Tu - Vinacomin,CT,1771,Khai thác Than,1770
THU,UPCOM,stock,listed,Công ty Cổ phần Môi trường và Công trình đô thị Thanh Hóa,CT,2799,Chất thải & Môi trường,2790
THW,UPCOM,stock,listed,Công ty Cổ phần Cấp nước Tân Hòa,CT,7577,Nước,7570
TIC,HOSE,stock,listed,,,,,
TID,UPCOM,stock,listed,Công ty Cổ phần Tổng Công ty Tín Nghĩa,CT,8633,Bất động sản,8630
TIE,UPCOM,stock,listed,Công ty Cổ phần TIE,CT,2733,Hàng điện & điện tử,2730
TIG,HNX,stock,listed,Công ty Cổ phần Tập đoàn Đầu tư Thăng Long,CT,8633,Bất động sản,8630
TIN,UPCOM,stock,listed,Công ty Tài chính Tổng hợp cổ phần Tín Việt,NH,8771,Quản lý tài sản,8770
TIP,HOSE,stock,listed,Công ty Cổ phần Phát triển Khu công nghiệp Tín Nghĩa,CT,8633,Bất động sản,8630
TIS,UPCOM,stock,listed,Công ty Cổ phần Gang thép Thái Nguyên,CT,1757,Thép và sản phẩm thép,1750
TIX,HOSE,stock,listed,Công ty Cổ phần Sản xuất Kinh doanh Xuất nhập khẩu Dịch vụ và Đầu tư Tân Bình,CT,8633,Bất động sản,8630
TJC,HNX,stock,listed,Công ty Cổ phần Dịch vụ Vận tải và Thương mại,CT,2779,Dịch vụ vận tải,2770
TKA,UPCOM,stock,listed,Công ty Cổ phần Bao bì Tân Khánh An,CT,2723,Containers & Đóng gói,2720
TKC,UPCOM,stock,listed,,,,,
TKG,UPCOM,stock,listed,,,,,
TKU,HNX,stock,listed,Công ty Cổ phần Công nghiệp Tung Kuang,CT,1753,Nhôm,1750
TL4,UPCOM,stock,listed,Tổng Công ty Xây dựng Thủy lợi 4 - Công ty Cổ phần,CT,2357,Xây dựng,2350
TLD,HOSE,stock,listed,Công ty Cổ phần Đầu tư Xây dựng và Phát triển Đô thị Thăng Long,CT,2353,Vật liệu xây dựng & Nội thất,2350
TLG,HOSE,stock,listed,Công ty Cổ phần Tập đoàn Thiên Long,CT,3724,Đồ gia dụng một lần,3720
TLH,HOSE,stock,listed,Công ty Cổ phần Tập đoàn Thép Tiến Lên,CT,1757,Thép và sản phẩm thép,1750
TLI,UPCOM,stock,listed,,,,,
TLP,UPCOM,stock,listed,Tổng Công ty Thương mại Xuất nhập khẩu Thanh Lễ - CTCP,CT,7573,Phân phối xăng dầu & khí đốt,7570
TLT,UPCOM,stock,listed,,,,,
TMB,HNX,stock,listed,Công ty Cổ phần Kinh doanh Than Miền Bắc - Vinacomin,CT,1771,Khai thác Than,1770
TMC,HNX,stock,listed,Công ty Cổ phần Thương mại Xuất nhập khẩu Thủ Đức,CT,7573,Phân phối xăng dầu & khí đốt,7570
TMG,UPCOM,stock,listed,Công ty Cổ phần Kim loại màu Thái Nguyên - Vimico,CT,1757,Thép và sản phẩm thép,1750
TMP,HOSE,stock,listed,Công ty Cổ phần Thủy điện Thác Mơ,CT,7535,Sản xuất & Phân phối Điện,7530
TMS,HOSE,stock,listed,Công ty Cổ phần Transimex,CT,2777,"Kho bãi, hậu cần và bảo dưỡng",2770
TMT,HOSE,stock,listed,Công ty Cổ phần Ô tô TMT,CT,3353,Sản xuất ô tô,3350
TMW,UPCOM,stock,listed,Công ty Cổ phần Tổng hợp Gỗ Tân Mai,CT,1733,Lâm sản và Chế biến gỗ,1730
TMX,HNX,stock,listed,Công ty Cổ phần VICEM Thương mại Xi măng,CT,2353,Vật liệu xây dựng & Nội thất,2350
TN1,HOSE,stock,listed,Công ty Cổ phần Rox Key Holdings,CT,8633,Bất động sản,8630
TNA,UPCOM,stock,listed,Công ty Cổ phần Thương mại Xuất nhập khẩu Thiên Nam,CT,1757,Thép và sản phẩm thép,1750
TNB,UPCOM,stock,listed,Công ty Cổ phần Thép Nhà Bè - VNSTEEL,CT,1757,Thép và sản phẩm thép,1750
TNC,HOSE,stock,listed,Công ty Cổ phần Cao su Thống Nhất,CT,1353,"Nhựa, cao su & sợi",1350
TND,UPCOM,stock,listed,,,,,
TNG,HNX,stock,listed,Công ty Cổ phần Đầu tư và Thương mại TNG,CT,3763,Hàng May mặc,3760
TNH,HOSE,stock,listed,Công ty Cổ phần Tập đoàn Bệnh viện TNH,CT,4533,Chăm sóc y tế,4530
TNI,HOSE,stock,listed,Công ty Cổ phần Tập đoàn Thành Nam,CT,1757,Thép và sản phẩm thép,1750
TNM,UPCOM,stock,listed,,,,,
TNP,UPCOM,stock,listed,Công ty Cổ phần Cảng Thị Nại,CT,2777,"Kho bãi, hậu cần và bảo dưỡng",2770
TNS,UPCOM,stock,listed,Công ty Cổ phần Thép tấm lá Thống Nhất,CT,1757,Thép và sản phẩm thép,1750
TNT,HOSE,stock,listed,Công ty Cổ phần Tập đoàn TNT,CT,2353,Vật liệu xây dựng & Nội thất,2350
TNV,UPCOM,stock,listed,,,,,
TNW,UPCOM,stock,listed,Công ty Cổ phần Nước sạch Thái Nguyên,CT,7577,Nước,7570
TNY,UPCOM,stock,listed,,,,,
TOP,UPCOM,stock,listed,Công ty Cổ phần Phân phối Top One,CT,5373,Bán lẻ phức hợp,5370
TOS,UPCOM,stock,listed,Công ty Cổ phần Dịch vụ biển Tân Cảng,CT,0573,Thiết bị và Dịch vụ Dầu khí,0570
TOT,HNX,stock,listed,Công ty Cổ phần Transimex Logistics,CT,2779,Dịch vụ vận tải,2770
TOW,UPCOM,stock,listed,Công ty Cổ phần Cấp nước Trà Nóc - Ô Môn,CT,7577,Nước,7570
TPB,HOSE,stock,listed,Ngân hàng Thương mại Cổ phần Tiên Phong,NH,8355,Ngân hàng,8350
TPC,HOSE,stock,listed,Công ty Cổ phần Nhựa Tân Đại Hưng,CT,1353,"Nhựa, cao su & sợi",1350
TPH,HNX,stock,listed,,,,,
TPP,HNX,stock,listed,Công ty Cổ phần Tân Phú Việt Nam,CT,2723,Containers & Đóng gói,2720
TPS,UPCOM,stock,listed,Công ty Cổ phần Bến bãi vận tải Sài Gòn,CT,5759,Vận tải hành khách & Du lịch,5750
TQN,UPCOM,stock,listed,,,,,
TQW,UPCOM,stock,listed,Công ty Cổ phần Cấp thoát nước Tuyên Quang,CT,7577,Nước,7570
TR1,UPCOM,stock,listed,Công ty Cổ phần Vận Tải 1 Traco,CT,2777,"Kho bãi, hậu cần và bảo dưỡng",2770
TRA,HOSE,stock,listed,Công ty Cổ phần Traphaco,CT,4577,Dược phẩm,4570
TRC,HOSE,stock,listed,Công ty Cổ phần Cao su Tây Ninh,CT,1353,"Nhựa, cao su & sợi",1350
TRH,UPCOM,stock,listed,,,,,
TRS,UPCOM,stock,listed,Công ty Cổ phần Vận tải và Dịch vụ Hàng Hải,CT,2773,Vận tải Thủy,2770
TRT,UPCOM,stock,listed,Công ty Cổ phần RedstarCera,CT,2353,Vật liệu xây dựng & Nội thất,2350
TRV,UPCOM,stock,listed,Công ty Cổ Phần Vận tải Đường sắt,CT,2775,Đường sắt,2770
TS3,UPCOM,stock,listed,Công ty Cổ phần Trường Sơn 532,CT,2357,Xây dựng,2350
TS4,UPCOM,stock,listed,,,,,
TS5,UPCOM,stock,listed,,,,,
TSA,HOSE,stock,listed,Công ty Cổ Phần Đầu Tư Và Xây Lắp Trường Sơn,CT,2357,Xây dựng,2350
TSB,HNX,stock,listed,Công ty Cổ phần Ắc quy Tia Sáng,CT,2733,Hàng điện & điện tử,2730
TSC,HOSE,stock,listed,Công ty Cổ phần Vật tư Kỹ thuật Nông nghiệp Cần Thơ,CT,1357,"Sản phẩm hóa dầu, Nông dược & Hóa chất khác",1350
TSD,UPCOM,stock,listed,Công ty Cổ phần Du lịch Trường Sơn Coecco,CT,5759,Vận tải hành khách & Du lịch,5750
TSG,UPCOM,stock,listed,Công ty Cổ phần Thông tin Tín hiệu Đường sắt Sài Gòn,CT,2775,Đường sắt,2770
TSJ,UPCOM,stock,listed,Công ty Cổ phần Du lịch Dịch vụ Hà Nội,CT,5759,Vận tải hành khách & Du lịch,5750
TST,UPCOM,stock,listed,Công ty Cổ phần Dịch vụ Kỹ thuật Viễn thông,CT,9533,Dịch vụ Máy tính,9530
TT6,UPCOM,stock,listed,Công ty Cổ Phần Tập Đoàn Tiến Thịnh,CT,3577,Thực phẩm,3570
TTA,HOSE,stock,listed,Công ty Cổ phần Đầu tư Xây dựng và Phát triển Trường Thành,CT,7535,Sản xuất & Phân phối Điện,7530
TTB,UPCOM,stock,listed,Công ty Cổ phần TTBGROUP,CT,2353,Vật liệu xây dựng & Nội thất,2350
TTC,HNX,stock,listed,Công ty Cổ phần Gạch men Thanh Thanh,CT,2353,Vật liệu xây dựng & Nội thất,2350
TTD,UPCOM,stock,listed,Công ty Cổ phần Bệnh viện Tim Tâm Đức,CT,4533,Chăm sóc y tế,4530
TTE,HOSE,stock,listed,Công ty Cổ phần Đầu tư Năng lượng Trường Thịnh,CT,7535,Sản xuất & Phân phối Điện,7530
TTF,HOSE,stock,listed,Công ty Cổ phần Tập đoàn Kỹ nghệ Gỗ Trường Thành,CT,1733,Lâm sản và Chế biến gỗ,1730
TTG,UPCOM,stock,listed,Công ty Cổ phần Royal Healthtech TTG,CT,3763,Hàng May mặc,3760
TTH,HNX,stock,listed,Công ty Cổ phần Thương mại và Dịch vụ Tiến Thành,CT,1757,Thép và sản phẩm thép,1750
TTJ,UPCOM,stock,listed,,,,,
TTL,HNX,stock,listed,Tổng Công ty Thăng Long - Công ty Cổ phần,CT,2357,Xây dựng,2350
TTN,UPCOM,stock,listed,Công ty Cổ phần Công nghệ & Truyền thông Việt Nam,CT,6535,Viễn thông cố định,6530
TTP,UPCOM,stock,listed,,,,,
TTR,UPCOM,stock,listed,,,,,
TTS,UPCOM,stock,listed,Công ty Cổ phần Cán thép Thái Trung,CT,1757,Thép và sản phẩm thép,1750
TTT,HNX,stock,listed,Công ty Cổ phần Du Lịch - Thương Mại Tây Ninh,CT,5759,Vận tải hành khách & Du lịch,5750
TTV,UPCOM,stock,listed,,,,,
TTZ,UPCOM,stock,listed,Công ty Cổ phần Đầu tư Xây dựng và Công nghệ Tiến Trung,CT,2353,Vật liệu xây dựng & Nội thất,2350
TUG,UPCOM,stock,listed,Công ty Cổ phần Lai dắt và Vận tải Cảng Hải Phòng,CT,2777,"Kho bãi, hậu cần và bảo dưỡng",2770
TV1,UPCOM,stock,listed,Công ty Cổ phần Tư vấn Xây dựng Điện 1,CT,2791,Tư vấn & Hỗ trợ KD,2790
TV2,HOSE,stock,listed,Công ty Cổ phần Tư vấn Xây dựng Điện 2,CT,2791,Tư vấn & Hỗ trợ KD,2790
TV3,HNX,stock,listed,Công ty Cổ phần Tư vấn Xây dựng Điện 3,CT,2791,Tư vấn & Hỗ trợ KD,2790
TV4,HNX,stock,listed,Công ty Cổ phần Tư vấn Xây dựng Điện 4,CT,2791,Tư vấn & Hỗ trợ KD,2790
TV6,UPCOM,stock,listed,Công ty Cổ phần Tập đoàn EMA LAND,CT,8637,"Tư Vấn, Định giá, Môi giới Bất động sản",8630
TVA,UPCOM,stock,listed,Công ty cổ phần Sứ Viglacera Thanh Trì,CT,2353,Vật liệu xây dựng & Nội thất,2350
TVB,HOSE,stock,listed,Công ty Cổ phần Chứng khoán T-Cap,CK,8777,Môi giới chứng khoán,8770
TVC,HNX,stock,listed,Công ty Cổ phần Tập đoàn Quản lý tài sản T-Corp,CT,8775,Tài chính đặc biệt,8770
TVD,HNX,stock,listed,Công ty Cổ phần Than Vàng Danh - Vinacomin,CT,1771,Khai thác Than,1770
TVG,UPCOM,stock,listed,Công ty Cổ phần Tư vấn Đầu tư và Xây dựng Giao thông Vận tải,CT,2357,Xây dựng,2350
TVH,UPCOM,stock,listed,Công ty Cổ phần Tư vấn Xây dựng công trình Hàng hải,CT,2357,Xây dựng,2350
TVM,UPCOM,stock,listed,Công ty Cổ phần Tư vấn đầu tư Mỏ và công nghiệp - Vinacomin,CT,2791,Tư vấn & Hỗ trợ KD,2790
TVN,UPCOM,stock,listed,Tổng Công ty Thép Việt Nam - Công ty Cổ phần,CT,1757,Thép và sản phẩm thép,1750
TVP,UPCOM,stock,listed,,,,,
TVS,HOSE,stock,listed,Công ty Cổ phần Chứng khoán Thiên Việt,CK,8777,Môi giới chứng khoán,8770
TVT,HOSE,stock,listed,Tổng Công ty Việt Thắng - CTCP,CT,3763,Hàng May mặc,3760
TVU,UPCOM,stock,listed,,,,,
TVW,UPCOM,stock,listed,,,,,
TW3,UPCOM,stock,listed,Công ty Cổ phần Dược Trung Ương 3,CT,4577,Dược phẩm,4570
TXM,HNX,stock,listed,Công ty Cổ phần VICEM Thạch cao Xi Măng,CT,2353,Vật liệu xây dựng & Nội thất,2350
TYA,HOSE,stock,listed,Công ty Cổ phần Dây và Cáp điện Taya Việt Nam,CT,2733,Hàng điện & điện tử,2730
UCT,UPCOM,stock,listed,Công ty Cổ phần Đô thị Cần Thơ,CT,2799,Chất thải & Môi trường,2790
UDC,UPCOM,stock,listed,Công ty Cổ phần Đầu tư Xây dựng UDCons,CT,2357,Xây dựng,2350
UDJ,UPCOM,stock,listed,Công ty Cổ phần Phát triển Đô thị,CT,2357,Xây dựng,2350
UDL,UPCOM,stock,listed,Công ty Cổ phần Đô thị và Môi trường Đắk Lắk,CT,2799,Chất thải & Môi trường,2790
UEM,UPCOM,stock,listed,Công ty Cổ phần Cơ điện Uông Bí - Vinacomin,CT,2757,Máy công nghiệp,2750
UIC,HOSE,stock,listed,Công ty Cổ phần Đầu tư Phát triển Nhà và Đô thị IDICO,CT,7535,Sản xuất & Phân phối Điện,7530
ULG,UPCOM,stock,listed,Công ty Cổ Phần Logistics U&I,CT,2777,"Kho bãi, hậu cần và bảo dưỡng",2770
UMC,UPCOM,stock,listed,Công ty Cổ phần Công trình đô thị Nam Định,CT,2357,Xây dựng,2350
UNI,HNX,stock,listed,Công ty Cổ phần Đầu tư và Phát triển Sao Mai Việt,CT,9533,Dịch vụ Máy tính,9530
UPC,UPCOM,stock,listed,Công ty Cổ phần Phát triển Công viên Cây xanh và Đô thị Vũng Tàu,CT,7575,Tiện ích khác,7570
UPH,UPCOM,stock,listed,Công ty Cổ phần Dược phẩm TW25,CT,4577,Dược phẩm,4570
UPS,UPCOM,stock,listed,Công ty Cổ phần Chứng khoán UP,CK,8777,Môi giới chứng khoán,8770
USC,UPCOM,stock,listed,Công ty Cổ phần Khảo sát và Xây dựng - USCO,CT,2357,Xây dựng,2350
USD,UPCOM,stock,listed,Công ty Cổ phần Công trình Đô thị Sóc Trăng,CT,2799,Chất thải & Môi trường,2790
UTT,UPCOM,stock,listed,Công ty Cổ phần Môi trường Nam Thành,CT,2799,Chất thải & Môi trường,2790
UXC,UPCOM,stock,listed,Công ty Cổ phần Chế biến Thủy sản Út Xi,CT,3573,Nuôi trồng nông & hải sản,3570
V11,UPCOM,stock,listed,,,,,
V12,HNX,stock,listed,Công ty Cổ phần Xây dựng số 12,CT,2357,Xây dựng,2350
V15,UPCOM,stock,listed,,,,,
V21,HNX,stock,listed,Công ty Cổ phần Vinaconex 21,CT,8633,Bất động sản,8630
V68,UPCOM,stock,listed,Công ty Cổ phần Đầu tư Sản xuất và Thương mại Tuấn Anh,CT,1353,"Nhựa, cao su & sợi",1350
VAB,HOSE,stock,listed,Ngân hàng Thương mại Cổ phần Việt Á,NH,8355,Ngân hàng,8350
VAF,UPCOM,stock,listed,Công ty Cổ phần Phân lân nung chảy Văn Điển,CT,1357,"Sản phẩm hóa dầu, Nông dược & Hóa chất khác",1350
VAT,UPCOM,stock,listed,,,,,
VAV,UPCOM,stock,listed,Công ty Cổ phần VIWACO,CT,7577,Nước,7570
VBB,HOSE,stock,listed,Ngân hàng Thương mại Cổ phần Việt Nam Thương Tín,NH,8355,Ngân hàng,8350
VBC,HNX,stock,listed,"Công ty Cổ phần Nhựa, Bao bì Vinh",CT,2723,Containers & Đóng gói,2720
VBG,UPCOM,stock,listed,Công ty Cổ phần Địa chất Việt Bắc - TKV,CT,1775,Khai khoáng,1770
VBH,UPCOM,stock,listed,Công ty Cổ phần Điện tử Bình Hòa,CT,2733,Hàng điện & điện tử,2730
VBT,UPCOM,stock,listed,Công ty Cổ phần Vận tải Bảo Thắng,CT,2779,Dịch vụ vận tải,2770
VC1,HNX,stock,listed,Công ty Cổ phần Xây dựng số 1,CT,2357,Xây dựng,2350
VC2,HNX,stock,listed,Công ty Cổ phần Đầu tư và Xây dựng VINA2,CT,2357,Xây dựng,2350
VC3,HNX,stock,listed,Công ty Cổ phần Tập đoàn Nam Mê Kông,CT,8637,"Tư Vấn, Định giá, Môi giới Bất động sản",8630
VC5,UPCOM,stock,listed,,,,,
VC6,HNX,stock,listed,Công ty cổ phần Xây dựng và Đầu tư Visicons,CT,2357,Xây dựng,2350
VC7,HNX,stock,listed,Công ty Cổ phần Tập đoàn BGI,CT,2357,Xây dựng,2350
VC9,HNX,stock,listed,Công ty Cổ phần Xây dựng số 9 - VC9,CT,2357,Xây dựng,2350
VCA,HOSE,stock,listed,Công ty Cổ phần Thép VICASA,CT,1757,Thép và sản phẩm thép,1750
VCB,HOSE,stock,listed,Ngân hàng Thương mại Cổ phần Ngoại thương Việt Nam,NH,8355,Ngân hàng,8350
VCC,HNX,stock,listed,Công ty Cổ phần Vinaconex 25,CT,2357,Xây dựng,2350
VCE,UPCOM,stock,listed,Công ty Cổ phần Xây lắp Môi trường,CT,2357,Xây dựng,2350
VCF,HOSE,stock,listed,Công ty Cổ phần VinaCafé Biên Hòa,CT,3537,Đồ uống & giải khát,3530
VCG,HOSE,stock,listed,Tổng Công ty Cổ phần Xuất nhập khẩu và Xây dựng Việt Nam,CT,2357,Xây dựng,2350
VCI,HOSE,stock,listed,Công ty Cổ phần Chứng khoán Vietcap,CK,8777,Môi giới chứng khoán,8770
VCK,HOSE,stock,listed,Công ty Cổ phần Chứng Khoán VPS,CK,8777,Môi giới chứng khoán,8770
VCM,HNX,stock,listed,Công ty Cổ phần BV Life,CT,2757,Máy công nghiệp,2750
VCN,UPCOM,stock,listed,,,,,
VCP,UPCOM,stock,listed,Công ty Cổ phần Xây dựng và Năng lượng VCP,CT,7535,Sản xuất & Phân phối Điện,7530
VCR,UPCOM,stock,listed,Công ty Cổ phần Đầu tư và Phát triển Du lịch ITC,CT,8633,Bất động sản,8630
VCS,HNX,stock,listed,Công ty Cổ phần VICOSTONE,CT,2353,Vật liệu xây dựng & Nội thất,2350
VCT,UPCOM,stock,listed,Công ty Cổ phần Tư vấn Xây dựng Vinaconex,CT,2791,Tư vấn & Hỗ trợ KD,2790
VCW,UPCOM,stock,listed,,,,,
VCX,UPCOM,stock,listed,Công ty Cổ phần Xi măng Yên Bình,CT,2353,Vật liệu xây dựng & Nội thất,2350
VDB,UPCOM,stock,listed,Công ty Cổ phần Vận tải và Chế biến Than Đông Bắc,CT,1771,Khai thác Than,1770
VDG,UPCOM,stock,listed,Công ty Cổ phần Vạn Đạt Group,CT,3763,Hàng May mặc,3760
VDL,HNX,stock,listed,Công ty Cổ phần Thực phẩm Lâm Đồng,CT,3535,Vang & Rượu mạnh,3530
VDM,UPCOM,stock,listed,,,,,
VDN,UPCOM,stock,listed,Công ty Cổ phần Vinatex Đà Nẵng,CT,3763,Hàng May mặc,3760
VDP,HOSE,stock,listed,Công ty Cổ phần Dược phẩm Trung ương VIDIPHA,CT,4577,Dược phẩm,4570
VDS,HOSE,stock,listed,Công ty Cổ phần Chứng khoán Rồng Việt,CK,8777,Môi giới chứng khoán,8770
VDT,UPCOM,stock,listed,Công ty Cổ phần Lưới thép Bình Tây,CT,1757,Thép và sản phẩm thép,1750
VE1,HNX,stock,listed,Công ty Cổ phần Xây dựng điện VNECO 1,CT,2357,Xây dựng,2350
VE2,UPCOM,stock,listed,,,,,
VE3,HNX,stock,listed,Công ty Cổ phần Xây dựng điện VNECO 3,CT,2357,Xây dựng,2350
VE4,HNX,stock,listed,Công ty Cổ phần Xây dựng điện VNECO4,CT,2357,Xây dựng,2350
VE8,UPCOM,stock,listed,Công ty Cổ phần Xây dựng Điện Vneco 8,CT,2357,Xây dựng,2350
VE9,UPCOM,stock,listed,Công ty Cổ phần Đầu tư và Xây dựng VNECO 9,CT,2357,Xây dựng,2350
VEA,UPCOM,stock,listed,Tổng Công ty Máy động lực và Máy nông nghiệp Việt Nam - CTCP,CT,2757,Máy công nghiệp,2750
VEC,UPCOM,stock,listed,Tổng Công ty Cổ phần Điện tử và Tin học Việt Nam,CT,9572,Phần cứng,9570
VEE,UPCOM,stock,listed,,,,,
VEF,UPCOM,stock,listed,Công ty Cổ phần Trung tâm Hội chợ Triển lãm Việt Nam,CT,8633,Bất động sản,8630
VES,UPCOM,stock,listed,Công ty Cổ phần Tập đoàn VinaLiving,CT,8633,Bất động sản,8630
VET,UPCOM,stock,listed,Công ty Cổ phần Thuốc Thú y Trung ương NAVETCO,CT,1357,"Sản phẩm hóa dầu, Nông dược & Hóa chất khác",1350
VFC,UPCOM,stock,listed,Công ty Cổ phần VINAFCO,CT,2773,Vận tải Thủy,2770
VFG,HOSE,stock,listed,Công ty Cổ phần Khử trùng Việt Nam,CT,1357,"Sản phẩm hóa dầu, Nông dược & Hóa chất khác",1350
VFR,UPCOM,stock,listed,Công ty Cổ phần Vận tải và Thuê tàu,CT,2773,Vận tải Thủy,2770
VFS,HNX,stock,listed,Công ty Cổ phần Chứng khoán Nhất Việt,CK,8777,Môi giới chứng khoán,8770
VGC,HOSE,stock,listed,Tổng Công ty Viglacera - Công ty Cổ phần,CT,2353,Vật liệu xây dựng & Nội thất,2350
VGG,UPCOM,stock,listed,Tổng Công Ty Cổ phần May Việt Tiến,CT,3763,Hàng May mặc,3760
VGI,UPCOM,stock,listed,Tổng Công ty Cổ phần Đầu tư Quốc tế Viettel,CT,6575,Viễn thông di động,6570
VGL,UPCOM,stock,listed,Công ty Cổ phần Mạ kẽm công nghiệp Vingal-Vnsteel,CT,1757,Thép và sản phẩm thép,1750
VGP,HNX,stock,listed,Công ty Cổ phần Cảng Rau Quả,CT,2777,"Kho bãi, hậu cần và bảo dưỡng",2770
VGR,UPCOM,stock,listed,Công ty Cổ phần Cảng xanh VIP,CT,2777,"Kho bãi, hậu cần và bảo dưỡng",2770
VGS,HNX,stock,listed,Công ty Cổ phần Ống thép Việt - Đức VG PIPE,CT,1757,Thép và sản phẩm thép,1750
VGT,UPCOM,stock,listed,Tập đoàn Dệt May Việt Nam,CT,3763,Hàng May mặc,3760
VGV,UPCOM,stock,listed,Tổng Công ty Tư vấn Xây dựng Việt Nam - CTCP,CT,8633,Bất động sản,8630
VHC,HOSE,stock,listed,Công ty Cổ phần Vĩnh Hoàn,CT,3573,Nuôi trồng nông & hải sản,3570
VHD,UPCOM,stock,listed,Công ty Cổ phần Đầu tư phát triển nhà và đô thị VINAHUD,CT,8633,Bất động sản,8630
VHE,HNX,stock,listed,Công ty Cổ phần Dược liệu và Thực phẩm Việt Nam,CT,4577,Dược phẩm,4570
VHF,UPCOM,stock,listed,Công ty Cổ phần Xây dựng và Chế biến lương thực Vĩnh Hà,CT,3577,Thực phẩm,3570
VHG,UPCOM,stock,listed,Công ty Cổ phần Đầu tư và Phát triển Việt Trung Nam,CT,2727,Công nghiệp phức hợp,2720
VHH,UPCOM,stock,listed,Công ty Cổ phần Đầu tư Kinh doanh nhà Thành Đạt,CT,2353,Vật liệu xây dựng & Nội thất,2350
VHI,UPCOM,stock,listed,,,,,
VHL,HNX,stock,listed,Công ty Cổ phần Viglacera Hạ Long,CT,2353,Vật liệu xây dựng & Nội thất,2350
VHM,HOSE,stock,listed,Công ty Cổ phần Vinhomes,CT,8633,Bất động sản,8630
VIB,HOSE,stock,listed,Ngân hàng Thương mại Cổ phần Quốc tế Việt Nam,NH,8355,Ngân hàng,8350
VIC,HOSE,stock,listed,Tập đoàn Vingroup - Công ty CP,CT,8633,Bất động sản,8630
VID,HOSE,stock,listed,Công ty Cổ phần Đầu tư Phát triển Thương mại Viễn Đông,CT,1737,Sản xuất giấy,1730
VIE,UPCOM,stock,listed,Công ty Cổ phần Công nghệ Viễn thông VI TE CO,CT,9578,Thiết bị viễn thông,9570
VIF,HNX,stock,listed,Tổng Công ty Lâm nghiệp Việt Nam - Công ty Cổ phần,CT,1733,Lâm sản và Chế biến gỗ,1730
VIG,HNX,stock,listed,Công ty Cổ phần Chứng khoán Đầu tư Tài chính Việt Nam,CK,8777,Môi giới chứng khoán,8770
VIH,UPCOM,stock,listed,,,,,
VIM,UPCOM,stock,listed,Công ty Cổ phần Khoáng sản Viglacera,CT,1775,Khai khoáng,1770
VIN,UPCOM,stock,listed,Công ty Cổ phần Giao nhận Kho vận Ngoại thương Việt Nam,CT,2777,"Kho bãi, hậu cần và bảo dưỡng",2770
VIP,HOSE,stock,listed,Công ty Cổ phần Vận tải Xăng dầu VIPCO,CT,2773,Vận tải Thủy,2770
VIR,UPCOM,stock,listed,Công ty Cổ phần Du lịch Quốc tế Vũng Tàu,CT,5753,Khách sạn,5750
VIS,HOSE,stock,listed,,,,,
VIT,HNX,stock,listed,Công ty Cổ phần Viglacera Tiên Sơn,CT,2353,Vật liệu xây dựng & Nội thất,2350
VIW,UPCOM,stock,listed,Tổng công ty Đầu tư Nước và Môi trường Việt Nam - Công ty Cổ phần,CT,2357,Xây dựng,2350
VIX,HOSE,stock,listed,Công ty Cổ phần Chứng khoán VIX,CK,8777,Môi giới chứng khoán,8770
VJC,HOSE,stock,listed,Công ty Cổ phần Hàng không Vietjet,CT,5751,Dịch vụ hàng không,5750
VKC,UPCOM,stock,listed,Công ty Cổ phần VKC Holdings,CT,3357,Lốp xe,3350
VKD,UPCOM,stock,listed,,,,,
VKP,UPCOM,stock,listed,,,,,
VLA,HNX,stock,listed,Công ty Cổ phần Đầu tư và Phát triển Công nghệ Văn Lang,CT,9537,Phần mềm,9530
VLB,UPCOM,stock,listed,Công ty Cổ phần Xây dựng và Sản xuất Vật liệu Xây dựng Biên Hòa,CT,2353,Vật liệu xây dựng & Nội thất,2350
VLC,UPCOM,stock,listed,Tổng Công ty Chăn nuôi Việt Nam - Công ty Cổ phần,CT,3573,Nuôi trồng nông & hải sản,3570
VLF,UPCOM,stock,listed,,,,,
VLG,UPCOM,stock,listed,Công ty Cổ phần VIMC Logistics,CT,2779,Dịch vụ vận tải,2770
VLP,UPCOM,stock,listed,Công ty Cổ phần Công trình Công cộng Vĩnh Long,CT,2799,Chất thải & Môi trường,2790
VLS,UPCOM,stock,listed,Công ty Cổ phần Sản xuất Thép Việt Long,CT,1757,Thép và sản phẩm thép,1750
VLW,UPCOM,stock,listed,Công ty Cổ phần Cấp nước Vĩnh Long,CT,7577,Nước,7570
VMA,UPCOM,stock,listed,Công ty Cổ phần Công nghiệp Ô tô - Vinacomin,CT,3353,Sản xuất ô tô,3350
VMC,HNX,stock,listed,Công ty Cổ phần VIMECO,CT,2357,Xây dựng,2350
VMD,HOSE,stock,listed,Công ty Cổ phần Y Dược phẩm Vimedimex,CT,4577,Dược phẩm,4570
VMG,UPCOM,stock,listed,Công ty Cổ phần Thương mại và Dịch vụ Dầu khí Vũng Tàu,CT,7573,Phân phối xăng dầu & khí đốt,7570
VMI,UPCOM,stock,listed,,,,,
VMK,UPCOM,stock,listed,Công ty Cổ phần Vimarko,CT,2353,Vật liệu xây dựng & Nội thất,2350
VMS,HNX,stock,listed,Công ty Cổ phần Phát triển Hàng Hải,CT,2777,"Kho bãi, hậu cần và bảo dưỡng",2770
VMT,UPCOM,stock,listed,Công ty Cổ phần Giao nhận Vận tải Miền Trung,CT,2779,Dịch vụ vận tải,2770
VNA,UPCOM,stock,listed,Công ty Cổ phần Vận tải biển Vinaship,CT,2773,Vận tải Thủy,2770
VNB,UPCOM,stock,listed,Công ty Cổ phần Sách Việt Nam,CT,5557,"Sách, ấn bản & sản phẩm văn hóa",5550
VNC,HNX,stock,listed,Công ty Cổ phần Tập đoàn Vinacontrol,CT,2791,Tư vấn & Hỗ trợ KD,2790
VND,HOSE,stock,listed,Công ty Cổ phần Chứng khoán VNDIRECT,CK,8777,Môi giới chứng khoán,8770
VNE,UPCOM,stock,listed,Tổng Công ty Cổ phần Xây dựng điện Việt Nam,CT,2357,Xây dựng,2350
VNF,HNX,stock,listed,Công ty Cổ phần Vinafreight,CT,2779,Dịch vụ vận tải,2770
VNG,HOSE,stock,listed,Công ty Cổ phần Du Lịch Thành Thành Công,CT,5753,Khách sạn,5750
VNH,UPCOM,stock,listed,Công ty Cổ phần Đầu tư Việt Việt Nhật,CT,3573,Nuôi trồng nông & hải sản,3570
VNI,UPCOM,stock,listed,Công ty Cổ phần Đầu tư Bất động sản Việt Nam,CT,8633,Bất động sản,8630
VNL,HOSE,stock,listed,Công ty Cổ phần Logistics Vinalink,CT,2779,Dịch vụ vận tải,2770
VNM,HOSE,stock,listed,Công ty Cổ phần Sữa Việt Nam,CT,3577,Thực phẩm,3570
VNN,UPCOM,stock,listed,,,,,
VNP,UPCOM,stock,listed,Công ty Cổ phần Nhựa Việt Nam,CT,1353,"Nhựa, cao su & sợi",1350
VNR,HNX,stock,listed,Tổng Công ty Cổ phần Tái bảo hiểm Quốc gia Việt Nam,BH,8538,Tái bảo hiểm,8530
VNS,HOSE,stock,listed,Công ty Cổ phần Ánh Dương Việt Nam,CT,5759,Vận tải hành khách & Du lịch,5750
VNT,HNX,stock,listed,Công ty Cổ phần Giao nhận Vận tải Ngoại Thương,CT,2779,Dịch vụ vận tải,2770
VNW,UPCOM,stock,listed,,,,,
VNX,UPCOM,stock,listed,Công ty Cổ phần Quảng cáo và Hội chợ Thương mại Vinexad,CT,5555,Dịch vụ truyền thông,5550
VNY,UPCOM,stock,listed,Công ty Cổ phần Thuốc thú y Trung ương I,CT,1357,"Sản phẩm hóa dầu, Nông dược & Hóa chất khác",1350
VNZ,UPCOM,stock,listed,Công ty Cổ phần Tập đoàn VNG,CT,5553,Giải trí & Truyền thông,5550
VOC,UPCOM,stock,listed,,,,,
VOS,HOSE,stock,listed,Công ty Cổ phần Vận tải Biển Việt Nam,CT,2773,Vận tải Thủy,2770
VPA,UPCOM,stock,listed,Công ty Cổ phần Vận tải Hóa dầu VP,CT,2773,Vận tải Thủy,2770
VPB,HOSE,stock,listed,Ngân hàng Thương mại Cổ phần Việt Nam Thịnh Vượng,NH,8355,Ngân hàng,8350
VPC,UPCOM,stock,listed,Công ty Cổ phần Đầu tư và Phát triển Năng lượng Việt Nam,CT,2357,Xây dựng,2350
VPD,HOSE,stock,listed,Công ty Cổ phần Phát triển Điện lực Việt Nam,CT,7535,Sản xuất & Phân phối Điện,7530
VPG,HOSE,stock,listed,Công ty Cổ phần Đầu tư Thương mại Xuất nhập khẩu Việt Phát,CT,1775,Khai khoáng,1770
VPH,HOSE,stock,listed,Công ty Cổ phần Vạn Phát Hưng,CT,8633,Bất động sản,8630
VPI,HOSE,stock,listed,Công ty Cổ phần Phát triển Bất động sản Văn Phú,CT,8633,Bất động sản,8630
VPK,UPCOM,stock,listed,,,,,
VPL,HOSE,stock,listed,Công ty Cổ phần Vinpearl,CT,5755,Dịch vụ giải trí,5750
VPR,UPCOM,stock,listed,Công ty Cổ phần VINAPRINT,CT,5557,"Sách, ấn bản & sản phẩm văn hóa",5550
VPS,HOSE,stock,listed,Công ty Cổ phần Thuốc sát trùng Việt Nam,CT,1357,"Sản phẩm hóa dầu, Nông dược & Hóa chất khác",1350
VPW,UPCOM,stock,listed,Công ty Cổ phần Cấp thoát nước số 1 Vĩnh Phúc,CT,7577,Nước,7570
VPX,HOSE,stock,listed,Công ty Cổ phần Chứng khoán VPBank,CK,8777,Môi giới chứng khoán,8770
VQC,UPCOM,stock,listed,Công ty Cổ phần Giám định Vinaconmin,CT,2791,Tư vấn & Hỗ trợ KD,2790
VRC,HOSE,stock,listed,Công ty Cổ phần Bất động sản và Đầu tư VRC,CT,8633,Bất động sản,8630
VRE,HOSE,stock,listed,Công ty Cổ phần Vincom Retail,CT,8633,Bất động sản,8630
VRG,UPCOM,stock,listed,Công ty Cổ phần Phát triển Đô thị và Khu Công nghiệp Cao Su Việt Nam,CT,8633,Bất động sản,8630
VSA,HNX,stock,listed,Công ty Cổ phần Đại lý Hàng hải Việt Nam,CT,2779,Dịch vụ vận tải,2770
VSC,HOSE,stock,listed,Công ty Cổ phần Container Việt Nam,CT,2777,"Kho bãi, hậu cần và bảo dưỡng",2770
VSE,UPCOM,stock,listed,Công ty Cổ phần Dịch vụ Đường cao tốc Việt Nam,CT,2777,"Kho bãi, hậu cần và bảo dưỡng",2770
VSF,UPCOM,stock,listed,Tổng Công ty Lương thực Miền Nam - Công ty Cổ phần,CT,3577,Thực phẩm,3570
VSG,UPCOM,stock,listed,Công ty Cổ phần Container Phía Nam,CT,2777,"Kho bãi, hậu cần và bảo dưỡng",2770
VSH,HOSE,stock,listed,Công ty Cổ phần Thủy điện Vĩnh Sơn - Sông Hinh,CT,7535,Sản xuất & Phân phối Điện,7530
VSI,HOSE,stock,listed,Công ty Cổ phần Đầu tư và Xây dựng Cấp thoát nước,CT,2357,Xây dựng,2350
VSM,HNX,stock,listed,Công ty Cổ phần Container Miền Trung,CT,2777,"Kho bãi, hậu cần và bảo dưỡng",2770
VSN,UPCOM,stock,listed,Công ty Cổ phần Việt Nam Kỹ Nghệ Súc Sản,CT,3577,Thực phẩm,3570
VSP,UPCOM,stock,listed,,,,,
VST,UPCOM,stock,listed,Công ty Cổ phần Vận tải và Thuê Tàu biển Việt Nam,CT,2773,Vận tải Thủy,2770
VT1,UPCOM,stock,listed,,,,,
VT8,UPCOM,stock,listed,,,,,
VTA,UPCOM,stock,listed,Công ty Cổ phần VITALY,CT,2353,Vật liệu xây dựng & Nội thất,2350
VTB,HOSE,stock,listed,Công ty Cổ phần Viettronics Tân Bình,CT,2733,Hàng điện & điện tử,2730
VTC,HNX,stock,listed,Công ty Cổ phần Viễn Thông VTC,CT,9578,Thiết bị viễn thông,9570
VTD,UPCOM,stock,listed,Công ty Cổ phần Vietourist Holdings,CT,5759,Vận tải hành khách & Du lịch,5750
VTE,UPCOM,stock,listed,Công ty Cổ phần VINACAP Kim Long,CT,9578,Thiết bị viễn thông,9570
VTG,UPCOM,stock,listed,Công ty Cổ phần Du lịch tỉnh Bà Rịa - Vũng Tàu,CT,5759,Vận tải hành khách & Du lịch,5750
VTH,HNX,stock,listed,Công ty Cổ phần Dây cáp điện Việt Thái,CT,2733,Hàng điện & điện tử,2730
VTI,UPCOM,stock,listed,Công ty Cổ phần Sản xuất - Xuất nhập khẩu Dệt may,CT,3763,Hàng May mặc,3760
VTJ,HNX,stock,listed,Công ty Cổ phần Thương mại và Đầu tư VI NA TA BA,CT,3785,Thuốc lá,3780
VTK,UPCOM,stock,listed,Công ty Cổ phần Tư vấn và Dịch vụ Viettel,CT,2791,Tư vấn & Hỗ trợ KD,2790
VTL,UPCOM,stock,listed,,,,,
VTM,UPCOM,stock,listed,Công ty Cổ phần Vận tải và Đưa đón thợ mỏ - Vinacomin,CT,5759,Vận tải hành khách & Du lịch,5750
VTO,HOSE,stock,listed,Công ty Cổ phần Vận tải Xăng dầu VITACO,CT,2773,Vận tải Thủy,2770
VTP,HOSE,stock,listed,Tổng Công ty Cổ phần Bưu chính Viettel,CT,2771,Chuyển phát nhanh,2770
VTQ,UPCOM,stock,listed,Công ty Cổ phần Việt Trung Quảng Bình,CT,1353,"Nhựa, cao su & sợi",1350
VTR,UPCOM,stock,listed,Công ty Cổ phần Du lịch Vietravel,CT,5759,Vận tải hành khách & Du lịch,5750
VTS,UPCOM,stock,listed,,,,,
VTV,HNX,stock,listed,Công ty Cổ phần Năng lượng và Môi trường VICEM,CT,2353,Vật liệu xây dựng & Nội thất,2350
VTX,UPCOM,stock,listed,Công ty Cổ phần Vận tải Đa phương thức VIETRANSTIMEX,CT,2779,Dịch vụ vận tải,2770
VTZ,HNX,stock,listed,Công ty Cổ phần Sản xuất và Thương mại Nhựa Việt Thành,CT,1353,"Nhựa, cao su & sợi",1350
VUA,UPCOM,stock,listed,Công ty Cổ phần Chứng khoán Stanley Brothers,CK,8777,Môi giới chứng khoán,8770
VUG,UPCOM,stock,listed,,,,,
VVN,UPCOM,stock,listed,Tổng Công ty Cổ phần Xây dựng Công nghiệp Việt Nam,CT,2357,Xây dựng,2350
VVS,HOSE,stock,listed,Công ty Cổ phần Đầu tư Phát triển Máy Việt Nam,CT,3353,Sản xuất ô tô,3350
VW1,UPCOM,stock,listed,,,,,
VW3,UPCOM,stock,listed,Công ty Cổ phần VIWASEEN3,CT,2357,Xây dựng,2350
VWS,UPCOM,stock,listed,Công ty Cổ phần Nước và Môi trường Việt Nam,CT,7577,Nước,7570
VXB,UPCOM,stock,listed,Công ty Cổ phần Vật liệu xây dựng Bến Tre,CT,2353,Vật liệu xây dựng & Nội thất,2350
VXP,UPCOM,stock,listed,Công ty Cổ phần Thuốc Thú y Trung ương VETVACO,CT,1357,"Sản phẩm hóa dầu, Nông dược & Hóa chất khác",1350
VXT,UPCOM,stock,listed,Công ty Cổ phần Kho vận và dịch vụ thương mại,CT,2797,Nhà cung cấp thiết bị,2790
WCS,HNX,stock,listed,Công ty Cổ phần Bến xe Miền Tây,CT,2777,"Kho bãi, hậu cần và bảo dưỡng",2770
WEB,UPCOM,stock,listed,,,,,
WSB,UPCOM,stock,listed,Công ty Cổ phần Bia Sài Gòn - Miền Tây,CT,3533,Sản xuất bia,3530
WSS,HNX,stock,listed,Công ty Cổ phần Chứng khoán Phố Wall,CK,8777,Môi giới chứng khoán,8770
WTB,UPCOM,stock,listed,,,,,
WTC,UPCOM,stock,listed,Công ty Cổ phần Vận tải thủy - Vinacomin,CT,2773,Vận tải Thủy,2770
WTN,UPCOM,stock,listed,,,,,
X18,UPCOM,stock,listed,,,,,
X20,HNX,stock,listed,Công ty Cổ phần X20,CT,3763,Hàng May mặc,3760
X26,UPCOM,stock,listed,Công ty Cổ phần 26,CT,3763,Hàng May mặc,3760
X77,UPCOM,stock,listed,Công ty Cổ phần Thành An 77,CT,2353,Vật liệu xây dựng & Nội thất,2350
XDC,UPCOM,stock,listed,,,,,
XDH,UPCOM,stock,listed,Công ty Cổ phần Đầu tư Xây dựng Dân dụng Hà Nội,CT,8633,Bất động sản,8630
XHC,UPCOM,stock,listed,Công ty Cổ phần Xuân Hòa Việt Nam,CT,3726,Thiết bị gia dụng,3720
XLV,UPCOM,stock,listed,Công ty Cổ phần Xây lắp và Dịch vụ Sông Đà,CT,2357,Xây dựng,2350
XMC,UPCOM,stock,listed,Công ty cổ phần Đầu tư và Xây dựng Xuân Mai,CT,2353,Vật liệu xây dựng & Nội thất,2350
XMD,UPCOM,stock,listed,Công ty Cổ phần Xuân Mai - Đạo Tú,CT,2353,Vật liệu xây dựng & Nội thất,2350
XMP,UPCOM,stock,listed,Công ty Cổ phần Thủy điện Xuân Minh,CT,7535,Sản xuất & Phân phối Điện,7530
XPH,UPCOM,stock,listed,Công ty Cổ phần Xà phòng Hà Nội,CT,3767,Hàng cá nhân,3760
YBC,UPCOM,stock,listed,Công ty Cổ phần Xi măng và Khoáng sản Yên Bái,CT,2353,Vật liệu xây dựng & Nội thất,2350
YBM,HOSE,stock,listed,Công ty Cổ phần Khoáng sản Công nghiệp Yên Bái,CT,1775,Khai khoáng,1770
YEG,HOSE,stock,listed,Công ty Cổ phần Tập đoàn Yeah1,CT,5553,Giải trí & Truyền thông,5550
YRC,UPCOM,stock,listed,,,,,
YSC,HNX,stock,listed,,,,,
YTC,UPCOM,stock,listed,Công ty Cổ phần Xuất nhập khẩu Y tế Thành phố Hồ Chí Minh,CT,4537,Dụng cụ y tế,4530
